-- MySQL dump 10.13  Distrib 8.0.38, for Win64 (x86_64)
--
-- Host: 127.0.0.1    Database: db_second_hand_trading
-- ------------------------------------------------------
-- Server version	8.0.39

/*!40101 SET @OLD_CHARACTER_SET_CLIENT=@@CHARACTER_SET_CLIENT */;
/*!40101 SET @OLD_CHARACTER_SET_RESULTS=@@CHARACTER_SET_RESULTS */;
/*!40101 SET @OLD_COLLATION_CONNECTION=@@COLLATION_CONNECTION */;
/*!50503 SET NAMES utf8mb4 */;
/*!40103 SET @OLD_TIME_ZONE=@@TIME_ZONE */;
/*!40103 SET TIME_ZONE='+00:00' */;
/*!40014 SET @OLD_UNIQUE_CHECKS=@@UNIQUE_CHECKS, UNIQUE_CHECKS=0 */;
/*!40014 SET @OLD_FOREIGN_KEY_CHECKS=@@FOREIGN_KEY_CHECKS, FOREIGN_KEY_CHECKS=0 */;
/*!40101 SET @OLD_SQL_MODE=@@SQL_MODE, SQL_MODE='NO_AUTO_VALUE_ON_ZERO' */;
/*!40111 SET @OLD_SQL_NOTES=@@SQL_NOTES, SQL_NOTES=0 */;

--
-- Table structure for table `sh_address`
--

DROP TABLE IF EXISTS `sh_address`;
/*!40101 SET @saved_cs_client     = @@character_set_client */;
/*!50503 SET character_set_client = utf8mb4 */;
CREATE TABLE `sh_address` (
                              `id` bigint NOT NULL AUTO_INCREMENT COMMENT '自增主键',
                              `consignee_name` varchar(32) NOT NULL COMMENT '收货人姓名',
                              `consignee_phone` varchar(16) NOT NULL COMMENT '收货人手机号',
                              `province_name` varchar(32) NOT NULL COMMENT '省',
                              `city_name` varchar(32) NOT NULL COMMENT '市',
                              `region_name` varchar(32) NOT NULL COMMENT '区',
                              `detail_address` varchar(64) NOT NULL COMMENT '详细地址',
                              `default_flag` tinyint NOT NULL COMMENT '是否默认地址',
                              `user_id` bigint NOT NULL COMMENT '用户主键id',
                              PRIMARY KEY (`id`) USING BTREE,
                              KEY `user_id_index` (`user_id`) USING BTREE
) ENGINE=InnoDB AUTO_INCREMENT=32 DEFAULT CHARSET=utf8mb3 ROW_FORMAT=COMPACT;
/*!40101 SET character_set_client = @saved_cs_client */;

--
-- Dumping data for table `sh_address`
--

LOCK TABLES `sh_address` WRITE;
/*!40000 ALTER TABLE `sh_address` DISABLE KEYS */;
INSERT INTO `sh_address` VALUES (1,'user9','13011110009','江苏省','南通市','崇川区','花园一单元一号楼',1,10),(2,'user8','13011110008','江苏省','南通市','崇川区','888',1,9),(27,'MZ','13011110000','河南省','新乡市','原阳县','测试测试',1,1),(28,'1211111111','1212','天津市','市辖区','河东区','212',1,2),(29,'下雨','1788888888','天津市','市辖区','河西区','北京',1,4),(31,'111','111','天津市','市辖区','和平区','aaa',1,18);
/*!40000 ALTER TABLE `sh_address` ENABLE KEYS */;
UNLOCK TABLES;

--
-- Table structure for table `sh_admin`
--

DROP TABLE IF EXISTS `sh_admin`;
/*!40101 SET @saved_cs_client     = @@character_set_client */;
/*!50503 SET character_set_client = utf8mb4 */;
CREATE TABLE `sh_admin` (
                            `id` bigint NOT NULL AUTO_INCREMENT COMMENT '自增主键',
                            `account_number` varchar(16) NOT NULL COMMENT '管理员账号',
                            `admin_password` varchar(16) NOT NULL COMMENT '密码',
                            `admin_name` varchar(8) NOT NULL COMMENT '管理员名字',
                            PRIMARY KEY (`id`) USING BTREE,
                            UNIQUE KEY `account_number` (`account_number`) USING BTREE
) ENGINE=InnoDB AUTO_INCREMENT=13 DEFAULT CHARSET=utf8mb3 ROW_FORMAT=COMPACT;
/*!40101 SET character_set_client = @saved_cs_client */;

--
-- Dumping data for table `sh_admin`
--

LOCK TABLES `sh_admin` WRITE;
/*!40000 ALTER TABLE `sh_admin` DISABLE KEYS */;
INSERT INTO `sh_admin` VALUES (1,'java1234','123456','超级管理员'),(2,'22','123123','管理员1'),(3,'33','123123','管理员2'),(11,'44','123123','管理员3'),(12,'55','123123','管理员4');
/*!40000 ALTER TABLE `sh_admin` ENABLE KEYS */;
UNLOCK TABLES;

--
-- Table structure for table `sh_chat`
--

DROP TABLE IF EXISTS `sh_chat`;
/*!40101 SET @saved_cs_client     = @@character_set_client */;
/*!50503 SET character_set_client = utf8mb4 */;
CREATE TABLE `sh_chat` (
                           `id` varchar(255) NOT NULL,
                           `user1_id` bigint DEFAULT NULL,
                           `user2_id` bigint DEFAULT NULL,
                           PRIMARY KEY (`id`),
                           KEY `fk_user1` (`user1_id`),
                           KEY `fk_user2` (`user2_id`),
                           CONSTRAINT `fk_user1` FOREIGN KEY (`user1_id`) REFERENCES `sh_user` (`id`),
                           CONSTRAINT `fk_user2` FOREIGN KEY (`user2_id`) REFERENCES `sh_user` (`id`)
) ENGINE=InnoDB DEFAULT CHARSET=utf8mb3;
/*!40101 SET character_set_client = @saved_cs_client */;

--
-- Dumping data for table `sh_chat`
--

LOCK TABLES `sh_chat` WRITE;
/*!40000 ALTER TABLE `sh_chat` DISABLE KEYS */;
INSERT INTO `sh_chat` VALUES ('111',1,11),('1118',11,18),('118',1,18),('1818',18,18);
/*!40000 ALTER TABLE `sh_chat` ENABLE KEYS */;
UNLOCK TABLES;

--
-- Table structure for table `sh_chat_message`
--

DROP TABLE IF EXISTS `sh_chat_message`;
/*!40101 SET @saved_cs_client     = @@character_set_client */;
/*!50503 SET character_set_client = utf8mb4 */;
CREATE TABLE `sh_chat_message` (
<<<<<<< Updated upstream:_localhost-2025_08_01_22_39_44-dump.sql
  `id` bigint NOT NULL AUTO_INCREMENT,
  `chat_id` varchar(255) DEFAULT NULL,
  `sender_id` bigint DEFAULT NULL,
  `content` varchar(255) DEFAULT NULL,
  `send_time` datetime DEFAULT NULL,
  `has_read` int DEFAULT '0',
  `has_revoke` int DEFAULT '0',
  PRIMARY KEY (`id`),
  KEY `fk_chat` (`chat_id`),
  KEY `fk_sender` (`sender_id`),
  CONSTRAINT `fk_chat` FOREIGN KEY (`chat_id`) REFERENCES `sh_chat` (`id`),
  CONSTRAINT `fk_sender` FOREIGN KEY (`sender_id`) REFERENCES `sh_user` (`id`)
=======
                                   `id` bigint NOT NULL AUTO_INCREMENT,
                                   `chat_id` varchar(255) DEFAULT NULL,
                                   `sender_id` bigint DEFAULT NULL,
                                   `content` varchar(255) DEFAULT NULL,
                                   `send_time` datetime DEFAULT NULL,
                                   `has_read` int DEFAULT '0',
                                   `has_revoke` int DEFAULT '0',
                                   PRIMARY KEY (`id`),
                                   KEY `fk_chat` (`chat_id`),
                                   KEY `fk_sender` (`sender_id`),
                                   CONSTRAINT `fk_chat` FOREIGN KEY (`chat_id`) REFERENCES `sh_chat` (`id`),
                                   CONSTRAINT `fk_sender` FOREIGN KEY (`sender_id`) REFERENCES `sh_user` (`id`)
>>>>>>> Stashed changes:db_second_hand_trading_localhost-2025_07_09_16_10_20-dump.sql
) ENGINE=InnoDB AUTO_INCREMENT=349 DEFAULT CHARSET=utf8mb3;
/*!40101 SET character_set_client = @saved_cs_client */;

--
-- Dumping data for table `sh_chat_message`
--

LOCK TABLES `sh_chat_message` WRITE;
/*!40000 ALTER TABLE `sh_chat_message` DISABLE KEYS */;
INSERT INTO `sh_chat_message` VALUES (1,'118',18,'1','2025-06-29 01:35:08',1,0),(8,'118',18,'123123','2025-06-29 01:45:56',1,0),(9,'118',18,'asdasd','2025-06-29 01:45:58',1,0),(10,'118',1,'12312312','2025-06-29 02:02:30',1,0),(11,'118',1,'哈哈哈哈哈','2025-06-29 02:02:38',1,0),(12,'118',18,'123123','2025-06-29 02:05:24',1,0),(13,'118',18,'你好啊','2025-06-29 02:06:34',1,0),(14,'118',18,'哈哈哈哈','2025-06-29 02:06:39',1,0),(15,NULL,18,'12312312','2025-06-29 12:01:24',0,0),(16,NULL,NULL,'dsasdasdas',NULL,0,0),(17,NULL,NULL,'asdasda',NULL,0,0),(18,'118',1,'大大大大','2025-06-29 13:55:38',1,0),(19,'118',18,'zxczxczxc','2025-06-29 14:04:34',1,0),(20,'118',18,'12312312','2025-06-29 14:05:41',1,0),(21,'118',18,'wearfdsgh','2025-06-29 14:07:48',1,0),(22,'118',18,'12342','2025-06-29 14:23:17',1,0),(23,'118',18,'dss','2025-06-29 14:25:53',1,0),(24,'118',18,'135','2025-06-29 14:28:59',1,0),(25,'118',18,'123123123','2025-06-29 14:29:58',1,0),(26,'118',18,'1231231','2025-06-29 14:31:22',1,0),(27,'118',18,'哈哈哈哈','2025-06-29 14:37:41',1,0),(28,'118',18,'2342323423','2025-06-29 14:50:41',1,0),(29,'118',18,'asdasda','2025-06-29 14:50:54',1,0),(30,'118',18,'年哈哈哈哈哈','2025-06-29 14:52:11',1,0),(31,'118',18,'请31尔萨','2025-06-29 14:52:19',1,0),(32,'118',18,'12312321312312312','2025-06-29 14:55:10',1,0),(33,'118',18,'我rest第一封邮件给对方','2025-06-29 14:56:41',1,0),(34,'118',18,'啊实打实大苏打','2025-06-29 14:56:48',1,0),(35,'118',1,'23424','2025-06-29 14:57:52',1,0),(36,'118',18,'哈哈哈哈哈','2025-06-29 17:00:44',1,0),(37,'118',18,'啊实打实打算','2025-06-29 17:02:06',1,0),(38,'118',1,'hahahahah','2025-06-29 17:03:05',1,0),(39,'118',18,'阿三大苏打','2025-06-29 17:04:25',1,0),(40,'118',1,'啊实打实打算','2025-06-29 17:05:07',1,0),(41,'118',18,'威群岛亲卫队请问','2025-06-29 17:06:21',1,0),(42,'118',18,'啊实打实','2025-06-29 17:06:25',1,0),(43,'118',18,'a\'s\'da\'s','2025-06-29 17:06:32',1,0),(44,'118',1,'阿萨的','2025-06-29 17:07:08',1,0),(45,'118',1,'哇咔咔','2025-06-29 17:09:09',1,0),(46,'118',1,'丘奇区','2025-06-29 17:09:45',1,0),(47,'118',18,'阿斯顿打撒','2025-06-29 17:10:04',1,0),(48,'118',18,'我','2025-06-29 17:11:08',1,0),(49,'118',18,'嗡嗡嗡','2025-06-29 17:12:18',1,0),(50,'118',1,'123123123','2025-06-29 17:12:31',1,0),(51,'118',1,'阿萨的埃斯','2025-06-29 17:15:19',1,0),(52,'118',18,'啊实打实','2025-06-29 17:16:37',1,0),(53,'118',1,'啊实打实','2025-06-29 17:16:48',1,0),(54,'118',1,'123','2025-06-29 17:17:53',1,0),(55,'118',18,'123','2025-06-29 17:23:28',1,0),(56,'118',1,'12312','2025-06-29 17:24:54',1,0),(57,'118',18,'请问请问','2025-06-29 17:25:37',1,0),(58,'118',18,'请问企鹅','2025-06-29 17:26:03',1,0),(59,'118',18,'起位去','2025-06-29 17:26:06',1,0),(60,'118',18,'实打实','2025-06-29 17:26:13',1,0),(61,'118',1,'其2','2025-06-29 17:26:35',1,0),(62,'118',18,'123','2025-06-29 17:27:26',1,0),(63,'118',1,'阿三大苏打','2025-06-29 17:27:35',1,0),(64,'118',18,'11111','2025-06-29 17:32:22',1,0),(65,'118',1,'阿三大苏打','2025-06-29 17:32:30',1,0),(66,'118',18,'啊实打实打算','2025-06-29 17:33:42',1,0),(67,'118',18,'请问请问','2025-06-29 17:34:50',1,0),(68,'118',1,'阿松大','2025-06-29 17:35:01',1,0),(69,'118',18,'阿三大苏打','2025-06-29 17:35:22',1,0),(70,'118',1,'阿三大苏打','2025-06-29 17:35:29',1,0),(71,'118',1,'啊大大','2025-06-29 17:37:30',1,0),(72,'118',18,'12312','2025-06-29 17:37:37',1,0),(73,'118',18,'微软微软为','2025-06-29 18:56:52',1,0),(74,'118',18,'啊实打实','2025-06-29 18:57:27',1,0),(75,'118',18,'啊实打实','2025-06-29 18:58:49',1,0),(76,'118',1,'123','2025-06-29 19:09:22',1,0),(77,'118',18,'阿三大苏打','2025-06-29 19:11:14',1,0),(78,'118',18,'123','2025-06-29 19:13:10',1,0),(79,'118',1,'12312312','2025-06-29 19:14:13',1,0),(80,'118',18,'123333','2025-06-29 19:15:33',1,0),(81,'118',1,'hahahah','2025-06-29 19:15:45',1,0),(82,'118',18,'你好啊','2025-06-29 19:16:13',1,0),(83,'118',18,'hellohello','2025-06-29 19:16:22',1,0),(84,'118',1,'我不好','2025-06-29 19:16:30',1,0),(85,'118',18,'大大大大','2025-06-29 19:17:29',1,0),(86,'118',1,'你大个鬼','2025-06-29 19:17:47',1,0),(87,'118',1,'嘎嘎嘎嘎','2025-06-29 19:17:59',1,0),(88,'118',18,'打赏','2025-06-29 19:18:52',1,0),(89,'118',1,'啊大苏打','2025-06-29 19:19:00',1,0),(90,'118',1,'你听不见我说话嘛','2025-06-29 20:00:39',1,0),(91,'118',18,'啊？','2025-06-29 20:01:10',1,0),(92,'118',18,'你说啥','2025-06-29 20:03:20',1,0),(93,'118',1,'我没懂','2025-06-29 20:03:35',1,0),(94,'118',18,'这都不懂','2025-06-29 20:04:42',1,0),(95,'118',1,'笨死了','2025-06-29 20:07:52',1,0),(96,'118',18,'啊对对对','2025-06-29 20:10:53',1,0),(97,'118',1,'1111','2025-06-29 20:13:27',1,0),(98,'118',1,'1','2025-06-29 20:17:19',1,0),(99,'118',1,'2','2025-06-29 20:17:41',1,0),(100,'118',18,'大撒大撒','2025-06-29 20:19:31',1,0),(101,'118',1,'有病？','2025-06-29 20:19:41',1,0),(102,'118',1,'大大大大','2025-06-29 20:19:50',1,0),(103,'118',18,'啊大苏打','2025-06-29 20:22:57',1,0),(104,'118',18,'12312','2025-06-29 20:23:00',1,0),(105,'118',18,'啊实打实d','2025-06-29 20:23:07',1,0),(106,'118',18,'啊？\n','2025-06-29 20:32:01',1,0),(107,'118',18,'你在说啥\n','2025-06-29 20:32:05',1,0),(108,'118',18,'我没说啊\n','2025-06-29 20:32:16',1,0),(109,'118',18,'十大','2025-06-29 20:32:18',1,0),(110,'118',1,'阿三大苏打\n','2025-06-29 20:37:07',1,0),(111,'118',1,'阿松大阿松大as的\n','2025-06-29 20:37:08',1,0),(112,'118',1,'阿松大\n','2025-06-29 20:37:08',1,0),(113,'118',1,'as das的\nas dasd','2025-06-29 20:37:09',1,0),(114,'118',1,'埃斯das das das d阿松大\n','2025-06-29 20:37:10',1,0),(115,'118',1,'sadsad\n','2025-06-29 20:37:11',1,0),(116,'118',1,'温热微软','2025-06-29 20:42:49',1,0),(117,'118',1,'啊大苏打','2025-06-29 20:44:12',1,0),(118,'118',18,'阿三大苏打\nasdas ','2025-06-29 20:44:22',1,0),(119,'118',18,'d埃斯\n','2025-06-29 20:44:22',1,0),(120,'118',18,'das d埃斯\n','2025-06-29 20:44:22',1,0),(121,'118',18,'das d\n','2025-06-29 20:44:24',1,0),(122,'118',1,'阿萨大大','2025-06-29 20:44:42',1,0),(123,'118',1,'阿松大阿松大埃斯打赏的','2025-06-29 20:44:50',1,0),(124,'118',1,'撒旦阿松大啊实打实asdadas\nd','2025-06-29 20:46:53',1,0),(125,'118',1,'\nas','2025-06-29 20:46:53',1,0),(126,'118',1,'d\n','2025-06-29 20:46:53',1,0),(127,'118',1,'as\nd','2025-06-29 20:46:53',1,0),(128,'118',1,'as\n','2025-06-29 20:46:53',1,0),(129,'118',1,'d\nas','2025-06-29 20:46:54',1,0),(130,'118',1,'\nd','2025-06-29 20:46:54',1,0),(131,'118',1,'as\n','2025-06-29 20:46:54',1,0),(132,'118',1,'asd as d\nas','2025-06-29 20:47:31',1,0),(133,'118',1,' d\n','2025-06-29 20:47:31',1,0),(134,'118',1,'as\n ','2025-06-29 20:47:31',1,0),(135,'118',1,'d\na','2025-06-29 20:47:32',1,0),(136,'118',1,'s \nd','2025-06-29 20:47:32',1,0),(137,'118',1,'a\n s','2025-06-29 20:47:32',1,0),(138,'118',1,'asd sa\n','2025-06-29 20:48:02',1,0),(139,'118',1,'s \na','2025-06-29 20:48:02',1,0),(140,'118',1,' \nd','2025-06-29 20:48:02',1,0),(141,'118',1,'as\n','2025-06-29 20:48:03',1,0),(142,'118',1,' d\n','2025-06-29 20:48:03',1,0),(143,'118',1,'as\n ','2025-06-29 20:48:03',1,0),(144,'118',1,'d\na ','2025-06-29 20:48:03',1,0),(145,'118',1,'s\n','2025-06-29 20:48:03',1,0),(146,'118',1,'d\n','2025-06-29 20:48:04',1,0),(147,'118',18,'撒旦埃斯','2025-06-29 20:48:12',1,0),(148,'118',18,'撒旦埃斯','2025-06-29 20:48:35',1,0),(149,'118',1,'asd as','2025-06-29 20:48:40',1,0),(150,'118',1,'sad as','2025-06-29 20:48:47',1,0),(151,'118',1,'asd asd','2025-06-29 20:49:29',1,0),(152,'118',1,'asdas ','2025-06-29 20:51:10',1,0),(153,'118',18,'阿松大a\'sas','2025-06-29 20:51:33',1,0),(154,'118',1,'asdasd ','2025-06-29 20:51:37',1,0),(155,'118',1,'asdasd','2025-06-29 20:53:44',1,0),(156,'118',1,'sdasd','2025-06-29 20:54:06',1,0),(157,'118',18,'阿三大苏打','2025-06-29 20:54:13',1,0),(158,'118',18,'阿三大苏打','2025-06-29 20:55:31',1,0),(159,'118',18,'阿三大苏打','2025-06-29 20:57:02',1,0),(160,'118',1,'asdasd','2025-06-29 21:03:07',1,0),(161,'118',18,'a\'s','2025-06-29 21:03:18',1,0),(162,'118',1,'asdasd','2025-06-29 21:04:16',1,0),(163,'118',1,'asdasd','2025-06-29 21:04:52',1,0),(164,'118',18,'啊','2025-06-29 21:04:57',1,0),(165,'118',1,'asdsad','2025-06-29 21:06:00',1,0),(166,'118',1,'asdasd','2025-06-29 21:06:10',1,0),(167,'118',18,'阿三大苏打','2025-06-29 21:06:13',1,0),(168,'118',18,'啊实打实','2025-06-29 21:06:20',1,0),(169,'118',1,'sadasd','2025-06-29 21:06:39',1,0),(170,'118',1,'asdsa ','2025-06-29 21:06:48',1,0),(171,'118',1,'sadasd','2025-06-29 21:07:13',1,0),(172,'118',18,'阿三大苏打','2025-06-29 21:07:19',1,0),(173,'118',18,'撒旦撒','2025-06-29 21:07:24',1,0),(174,'118',1,'你好啊\n','2025-06-29 21:07:46',1,0),(175,'118',1,'十大','2025-06-29 21:07:57',1,0),(176,'118',1,'阿松大','2025-06-29 21:08:07',1,0),(177,'118',1,'阿三大苏打','2025-06-29 21:09:18',1,0),(178,'118',1,'实打实大苏打','2025-06-29 21:09:29',1,0),(179,'118',1,'阿松大','2025-06-29 21:10:52',1,0),(180,'118',1,'阿松大是','2025-06-29 21:10:58',1,0),(181,'118',1,'撒打算','2025-06-29 21:13:26',1,0),(182,'118',1,'撒旦撒','2025-06-29 21:13:32',1,0),(183,'118',1,'阿松大','2025-06-29 21:13:41',1,0),(184,'118',1,'撒打算','2025-06-29 21:14:41',1,0),(185,'118',1,'阿松大埃斯','2025-06-29 21:14:48',1,0),(186,'118',1,'阿松大埃斯','2025-06-29 21:14:53',1,0),(187,'118',1,'撒旦是','2025-06-29 21:17:57',1,0),(188,'118',18,'阿松大埃斯','2025-06-29 21:18:10',1,0),(189,'118',18,'阿松大埃斯','2025-06-29 21:18:16',1,0),(190,'118',18,'阿松大啊飒飒的','2025-06-29 21:18:24',1,0),(191,'118',18,'d埃斯打赏打赏 dd','2025-06-29 21:18:27',1,0),(192,'118',18,'asd a\n','2025-06-29 21:19:26',1,0),(193,'118',1,'撒旦啊','2025-06-29 21:19:32',1,0),(194,'118',1,'阿松大埃斯','2025-06-29 21:19:37',1,0),(195,'118',1,'阿松大撒','2025-06-29 21:19:47',1,0),(196,'118',1,'撒的','2025-06-29 21:19:51',1,0),(197,'118',1,'阿松大','2025-06-29 21:19:56',1,0),(198,'118',1,'埃斯的撒','2025-06-29 21:19:58',1,0),(199,'118',1,'  sa','2025-06-29 21:20:01',1,0),(200,'118',1,'  asdasd','2025-06-29 21:20:06',1,0),(201,'118',1,'asd','2025-06-29 21:20:18',1,0),(202,'118',1,'asdasd','2025-06-29 21:20:30',1,0),(203,'118',1,'asd','2025-06-29 21:20:45',1,0),(204,'118',1,'asdsd','2025-06-29 21:20:49',1,0),(205,'118',1,'dddd','2025-06-29 21:21:00',1,0),(206,'118',18,'dasd ','2025-06-29 21:23:33',1,0),(207,'118',18,'asdasd','2025-06-29 21:23:40',1,0),(208,'118',18,'dasd','2025-06-29 21:23:42',1,0),(209,'118',18,'aasdsa\n','2025-06-29 21:23:45',1,0),(210,'118',18,'as\nd','2025-06-29 21:23:45',1,0),(211,'118',18,'as\n','2025-06-29 21:23:45',1,0),(212,'118',18,'d\ns','2025-06-29 21:23:45',1,0),(213,'118',18,'a\n','2025-06-29 21:23:47',1,0),(214,'118',18,'asd','2025-06-29 21:23:57',1,0),(215,'118',18,'sdasd','2025-06-29 21:24:02',1,0),(216,'118',18,'asdasd','2025-06-29 21:24:03',1,0),(217,'118',18,'asdasd','2025-06-29 21:24:09',1,0),(218,'118',18,'asdasd','2025-06-29 21:24:10',1,0),(219,'118',18,'asdas','2025-06-29 21:24:12',1,0),(220,'118',1,'asdasd','2025-06-29 21:24:20',1,0),(221,'118',1,'asds','2025-06-29 21:24:26',1,0),(222,'118',18,'asdas','2025-06-29 21:25:45',1,0),(223,'118',1,'asdd','2025-06-29 21:25:49',1,0),(224,'118',18,'asdas','2025-06-29 21:25:58',1,0),(225,'118',18,'asdasd','2025-06-29 21:26:18',1,0),(226,'118',1,'asdas','2025-06-29 21:26:23',1,0),(227,'118',18,'sadasd','2025-06-29 21:26:47',1,0),(228,'118',18,'sadsad','2025-06-29 21:26:55',1,0),(229,'118',18,'asdasd','2025-06-29 21:26:59',1,0),(230,'118',18,'asdasd','2025-06-29 21:27:01',1,0),(231,'118',1,'asdasd','2025-06-29 21:27:13',1,0),(232,'118',18,'12312','2025-06-29 21:27:42',1,0),(233,'118',1,'12312','2025-06-29 21:27:45',1,0),(234,'118',1,'1231','2025-06-29 21:27:53',1,0),(235,'118',18,'dsadas','2025-06-29 21:28:45',1,0),(236,'118',18,'asd','2025-06-29 21:28:51',1,0),(237,'118',1,'sdas','2025-06-29 21:29:30',1,0),(238,'118',1,'ssss','2025-06-29 21:29:41',1,0),(239,'118',18,'sss','2025-06-29 21:29:45',1,0),(240,'118',1,'1111','2025-06-29 22:14:02',1,0),(241,'118',1,'1111','2025-06-29 22:16:11',1,0),(242,'118',1,'1111','2025-06-29 22:16:59',1,0),(243,'118',1,'werrwe','2025-06-29 22:17:13',1,0),(244,'118',18,'sdasd','2025-06-29 22:17:26',1,0),(245,'118',1,'asdsad','2025-06-29 22:18:08',1,0),(246,'118',1,'asdsa','2025-06-29 22:18:22',1,0),(247,'118',18,'asdas','2025-06-29 22:18:28',1,0),(248,'118',18,'edasd','2025-06-29 22:20:05',1,0),(249,'118',18,'asdasd','2025-06-29 22:20:12',1,0),(250,'118',18,'asdas','2025-06-29 22:20:19',1,0),(251,'118',18,'dasd','2025-06-29 22:21:57',1,0),(252,'118',1,'asdas','2025-06-29 22:22:00',1,0),(253,'118',1,'asdasd','2025-06-29 22:22:06',1,0),(254,'118',1,'asddas','2025-06-29 22:23:08',1,0),(255,'118',1,'asd','2025-06-29 22:23:18',1,0),(256,'118',18,'asd','2025-06-29 22:23:21',1,0),(257,'118',18,'dd','2025-06-29 22:23:26',1,0),(258,'118',18,'dd','2025-06-29 22:23:28',1,0),(259,'118',18,'ddd','2025-06-29 22:23:33',1,0),(260,'118',18,'dd','2025-06-29 22:23:56',1,0),(261,'118',1,'ddd','2025-06-29 22:23:59',1,0),(262,'118',1,'dddd','2025-06-29 22:24:05',1,0),(263,'118',1,',,,,','2025-06-29 22:25:37',1,0),(264,'118',1,'lkll\n','2025-06-29 22:25:44',1,0),(265,'118',1,'lplpo\n','2025-06-29 22:25:45',1,0),(266,'118',1,'lolo\n','2025-06-29 22:25:46',1,0),(267,'118',1,'hhj\n','2025-06-29 22:26:08',1,0),(268,'118',1,'jhjj\n','2025-06-29 22:26:09',1,0),(269,'118',1,'sss','2025-06-29 22:28:21',1,0),(270,'118',1,'dd','2025-06-29 22:28:29',1,0),(271,'118',18,'sss','2025-06-29 22:29:30',1,0),(272,'118',1,'ff','2025-06-29 22:30:57',1,0),(273,'118',18,'ass','2025-06-29 22:31:00',1,0),(274,'118',18,'sss','2025-06-29 22:31:07',1,0),(275,'118',18,'ssss','2025-06-29 22:31:56',1,0),(276,'118',1,'sss','2025-06-29 22:32:02',1,0),(277,'118',1,'sss','2025-06-29 22:32:07',1,0),(278,'118',1,'sss','2025-06-29 22:32:12',1,0),(279,'118',1,'111','2025-06-29 22:33:03',1,0),(280,'118',1,'dddd','2025-06-29 22:33:18',1,0),(281,'118',18,'dd','2025-06-29 22:33:23',1,0),(282,'118',18,'ddd','2025-06-29 22:33:32',1,0),(283,'118',1,'1111','2025-06-29 22:34:00',1,0),(284,'118',1,'122','2025-06-29 22:34:05',1,0),(285,'118',1,'ddd','2025-06-29 22:34:10',1,0),(286,'118',1,'q','2025-06-29 22:34:13',1,0),(287,'118',1,'q','2025-06-29 22:34:14',1,0),(288,'118',1,'qqq','2025-06-29 22:35:30',1,0),(289,'118',18,'d','2025-06-29 22:35:38',1,0),(290,'118',18,'ssss','2025-06-29 22:35:53',1,0),(291,'118',1,'dd','2025-06-29 22:36:08',1,0),(292,'118',18,'1111111','2025-06-29 22:38:09',1,0),(293,'118',1,'dddd','2025-06-29 22:38:17',1,0),(294,'118',1,'1111','2025-06-29 22:38:24',1,0),(295,'118',18,'哈哈哈哈\n','2025-06-29 22:38:35',1,0),(296,'118',1,'???\n','2025-06-29 22:38:38',1,0),(297,'118',1,'1111','2025-06-29 22:39:17',1,0),(298,'118',18,'22222','2025-06-29 22:39:20',1,0),(299,'118',1,'2222','2025-06-29 22:39:23',1,0),(300,'118',18,'dddd ','2025-06-29 22:39:29',1,0),(301,'1118',11,'ssss','2025-06-30 10:14:05',1,0),(302,'111',11,'dddddd','2025-06-30 10:14:26',1,0),(303,'1118',11,'11111111','2025-06-30 10:18:23',1,0),(304,'1118',11,'11111','2025-06-30 10:18:24',1,0),(305,'1118',11,'2222','2025-06-30 10:18:25',1,0),(306,'1118',11,'111','2025-06-30 10:19:44',1,0),(307,NULL,NULL,'？？？？',NULL,0,0),(308,NULL,NULL,'？？？？',NULL,0,0),(309,NULL,NULL,'？？？？',NULL,0,0),(310,'1118',11,'111','2025-06-30 11:12:04',1,0),(311,'1118',18,'111','2025-06-30 11:12:17',1,0),(312,'1118',11,'111','2025-06-30 11:12:32',1,0),(313,'1118',18,'111','2025-06-30 11:16:04',1,0),(314,'1118',11,'hahahah\n','2025-06-30 11:16:13',1,0),(315,'1118',11,'dddd','2025-06-30 11:16:20',1,0),(316,'1118',11,'aaa','2025-06-30 11:16:26',1,0),(317,'1118',11,'12312','2025-06-30 11:16:33',1,0),(318,'1118',11,'111','2025-06-30 17:41:20',1,0),(319,'1118',18,'哈哈哈\n','2025-06-30 17:41:30',1,0),(320,'1118',11,'顶顶顶','2025-06-30 20:02:55',1,0),(321,'1118',11,'11111','2025-06-30 20:03:09',1,0),(322,'1118',18,'阿三大苏打','2025-06-30 20:03:14',1,0),(323,'1118',18,'111\n','2025-06-30 20:05:09',1,0),(324,'1118',11,'顶顶顶','2025-06-30 20:05:18',1,0),(325,'1118',11,'哈哈哈\n','2025-06-30 20:05:26',1,0),(326,'1118',18,'？？？\n','2025-06-30 20:05:29',1,0),(327,'1118',11,'哈哈\n','2025-07-09 14:54:29',1,0),(328,'1118',11,'hehe\n','2025-07-09 14:54:48',1,0),(329,'1118',11,'哦哦哦\n','2025-07-09 14:54:51',1,0),(330,'1118',11,'打赏\n','2025-07-09 14:54:55',1,0),(331,'1118',11,'哈哈\n','2025-07-09 14:54:57',1,0),(332,'1118',11,'哈哈\n','2025-07-09 15:02:43',1,0),(333,'1118',11,'haha \n','2025-07-09 15:10:28',1,1),(334,'1118',11,'哈哈哈\n','2025-07-09 15:18:42',1,1),(335,'1118',11,'haha\n','2025-07-09 15:20:30',1,1),(336,'1118',11,'你好嘛\n','2025-07-09 15:21:31',1,1),(337,'1118',18,'哈哈哈哈哈','2025-07-09 15:25:44',1,1),(338,'1118',18,'哈哈哈','2025-07-09 15:26:17',1,1),(339,'1118',18,'hahah \n','2025-07-09 15:27:07',1,1),(340,'1118',18,'哈哈哈\n','2025-07-09 15:29:59',1,1),(341,'1118',18,'哈哈','2025-07-09 15:30:08',1,1),(342,'1118',18,'haha\n','2025-07-09 15:30:16',1,1),(343,'1118',18,'哈哈\n','2025-07-09 15:31:03',1,1),(344,'1118',11,'111','2025-07-09 19:20:23',1,1),(345,'1118',11,'1','2025-07-09 23:14:11',1,0),(346,'1118',18,'哈哈\n','2025-07-09 23:14:27',1,0),(347,'1118',18,'111','2025-07-09 23:14:39',1,0),(348,'1118',11,'???\n','2025-07-09 23:14:48',1,0);
/*!40000 ALTER TABLE `sh_chat_message` ENABLE KEYS */;
UNLOCK TABLES;

--
-- Table structure for table `sh_favorite`
--

DROP TABLE IF EXISTS `sh_favorite`;
/*!40101 SET @saved_cs_client     = @@character_set_client */;
/*!50503 SET character_set_client = utf8mb4 */;
CREATE TABLE `sh_favorite` (
  `id` bigint NOT NULL AUTO_INCREMENT COMMENT '自增主键id',
  `create_time` datetime NOT NULL COMMENT '加入收藏的时间',
  `user_id` bigint NOT NULL COMMENT '用户主键id',
  `idle_id` bigint NOT NULL COMMENT '闲置物主键id',
  PRIMARY KEY (`id`) USING BTREE,
  UNIQUE KEY `user_id` (`user_id`,`idle_id`) USING BTREE
) ENGINE=InnoDB AUTO_INCREMENT=82 DEFAULT CHARSET=utf8mb3 ROW_FORMAT=COMPACT;
/*!40101 SET character_set_client = @saved_cs_client */;

--
-- Dumping data for table `sh_favorite`
--

LOCK TABLES `sh_favorite` WRITE;
/*!40000 ALTER TABLE `sh_favorite` DISABLE KEYS */;
INSERT INTO `sh_favorite` VALUES (78,'2025-07-08 14:51:48',18,131),(79,'2025-07-09 07:36:06',18,136),(81,'2025-07-09 07:50:27',11,134);
/*!40000 ALTER TABLE `sh_favorite` ENABLE KEYS */;
UNLOCK TABLES;

--
-- Table structure for table `sh_idle_item`
--

DROP TABLE IF EXISTS `sh_idle_item`;
/*!40101 SET @saved_cs_client     = @@character_set_client */;
/*!50503 SET character_set_client = utf8mb4 */;
CREATE TABLE `sh_idle_item` (
  `id` bigint NOT NULL AUTO_INCREMENT COMMENT '自增主键',
  `idle_name` varchar(64) NOT NULL COMMENT '闲置物名称',
  `idle_details` varchar(2048) NOT NULL COMMENT '详情',
  `picture_list` varchar(1024) NOT NULL COMMENT '图集',
  `idle_price` decimal(10,2) NOT NULL COMMENT '价格',
  `idle_place` varchar(32) NOT NULL COMMENT '发货地区',
  `idle_label` int NOT NULL COMMENT '分类标签',
  `release_time` datetime NOT NULL COMMENT '发布时间',
  `idle_status` tinyint NOT NULL COMMENT '状态（发布1、下架2、删除0）',
  `user_id` bigint NOT NULL COMMENT '用户主键id',
  `tag` varchar(255) DEFAULT NULL,
  `skim_count` bigint DEFAULT '0',
  PRIMARY KEY (`id`) USING BTREE,
  KEY `user_id_index` (`user_id`) USING BTREE,
  KEY `fk_tag` (`tag`)
) ENGINE=InnoDB AUTO_INCREMENT=143 DEFAULT CHARSET=utf8mb3 ROW_FORMAT=COMPACT;
/*!40101 SET character_set_client = @saved_cs_client */;

--
-- Dumping data for table `sh_idle_item`
--

LOCK TABLES `sh_idle_item` WRITE;
/*!40000 ALTER TABLE `sh_idle_item` DISABLE KEYS */;
INSERT INTO `sh_idle_item` VALUES (1,'111','111','[\"http://localhost:8080/image?imageName=file16866307653031002壁纸.jpg\"]',20.01,'市辖区',1,'2023-06-13 04:32:47',2,1,NULL,0),(2,'运动鞋','跑步非常舒服 回弹性好','[\"http://localhost:8080/image?imageName=file16868385096121002运动鞋.jpg\"]',100.00,'市辖区',3,'2023-06-15 14:15:11',1,1,'#哈哈',46),(3,'电风扇','贼凉快','[\"http://localhost:8080/image?imageName=file16868385807991003风扇.jpg\"]',120.00,'唐山市',2,'2023-06-15 14:16:37',2,1,NULL,0),(4,'加湿器','干燥空气瞬间变湿','[\"http://localhost:8080/image?imageName=file16868386408251004file16513152624181010加湿器.jpg\"]',50.00,'阳泉市',1,'2023-06-15 14:19:20',2,1,NULL,0),(5,'考研单词书','考研背单词必备','[\"http://localhost:8080/image?imageName=file16868387852141005file16527758200311002考研单词书.jpg\"]',10.00,'市辖区',4,'2023-06-15 14:20:34',2,1,NULL,0),(105,'袜子','没穿过。','[\"http://localhost:8080/image?imageName=file17023382374621002企业微信截图_20231212074317.png\"]',19.99,'秦皇岛市',5,'2023-12-11 23:44:01',2,1,NULL,0),(106,'111','222','[null]',50.00,'市辖区',1,'2025-02-24 14:50:47',0,11,NULL,0),(107,'哈哈哈','哈哈哈','[\"http://localhost:8080/image?imageName=file17506524626691004app.jpg\"]',50.00,'石家庄市',1,'2025-06-23 04:21:05',0,18,NULL,0),(108,'哈哈哈','哈哈哈','[\"http://localhost:8080/image?imageName=file17506524626691004app.jpg\"]',50.00,'石家庄市',1,'2025-06-23 04:21:16',0,18,NULL,0),(109,'qweqw','qweqw','[\"http://localhost:8080/image?imageName=file17506527049171003background.png\"]',10.00,'市辖区',2,'2025-06-23 04:25:15',0,18,NULL,0),(110,'qweqw','qweqw','[\"http://localhost:8080/image?imageName=file17511337355451002app.jpg\"]',30.00,'市辖区',2,'2025-06-28 18:02:16',0,18,NULL,0),(111,'1','111','[\"http://localhost:8080/image?imageName=file17512775775261002background.png\",\"http://localhost:8080/image?imageName=file17512775804311003flash2.png\",\"http://localhost:8080/image?imageName=file17512775842891004flash3.png\"]',20.00,'市辖区',1,'2025-06-30 09:59:50',0,18,NULL,0),(112,'111','测试','[\"http://localhost:8080/image?imageName=file17512910800551002six_app.jpg\"]',10.00,'市辖区',5,'2025-06-30 13:44:48',0,18,NULL,0),(113,'111','111','[\"http://localhost:8080/image?imageName=file17512911645201003头像.png\"]',10.00,'市辖区',2,'2025-06-30 13:46:07',0,18,NULL,0),(114,'222','顶顶顶','[\"http://localhost:8080/image?imageName=file17512912480441004图片.jpg\"]',10.00,'市辖区',2,'2025-06-30 13:47:31',0,18,NULL,0),(115,'111','111','[\"http://localhost:8080/image?imageName=file17512914164981005R-C.jpg\"]',10.00,'市辖区',3,'2025-06-30 13:50:20',0,18,NULL,0),(116,'111','11','[\"http://localhost:8080/image?imageName=file17512915103991006R-C.jpg\"]',10.00,'市辖区',2,'2025-06-30 13:51:53',0,18,NULL,0),(117,'1','1','[\"http://localhost:8080/image?imageName=file17512915981511007app.jpg\"]',10.00,'市辖区',2,'2025-06-30 13:53:21',0,18,NULL,0),(118,'111','1','[\"http://localhost:8080/image?imageName=file17512916533121008background.png\"]',10.00,'市辖区',2,'2025-06-30 13:54:17',0,18,NULL,0),(119,'111','111','[\"http://localhost:8080/image?imageName=file17512917227241009flash2.png\"]',10.00,'市辖区',2,'2025-06-30 13:55:24',0,18,NULL,0),(120,'11','得到','[\"http://localhost:8080/image?imageName=file17512917835041010app.jpg\"]',10.00,'市辖区',3,'2025-06-30 13:56:27',0,18,NULL,0),(121,'111','asdd','[]',10.00,'市辖区',2,'2025-07-01 14:10:29',0,18,NULL,0),(122,'1','2','[]',10.00,'市辖区',3,'2025-07-01 14:12:51',0,18,NULL,0),(123,'1','2','[]',10.00,'市辖区',4,'2025-07-01 14:13:13',0,18,NULL,0),(124,'111','111','[]',10.00,'市辖区',3,'2025-07-01 15:09:04',0,18,NULL,0),(125,'111','111','[]',10.00,'市辖区',2,'2025-07-01 15:12:32',0,18,'#哈哈#呵呵#测试',0),(126,'222','2','[]',10.00,'市辖区',2,'2025-07-01 15:18:14',0,18,'#测试#哈哈',0),(127,'333','111','[]',10.00,'市辖区',2,'2025-07-02 14:45:26',0,18,'#数码相机',0),(128,'4','1','[]',10.00,'市辖区',2,'2025-07-04 14:45:06',0,18,'#哈哈哈#测试啦啦啦#测试哈哈哈',0),(129,'5','1','[]',10.00,'市辖区',3,'2025-07-04 14:47:16',0,18,'#哈哈#测试',0),(130,'6666','1','[]',10.00,'秦皇岛市',3,'2025-07-05 12:29:28',0,18,'#哈哈哈',0),(131,'邻家女孩专辑','一首爵士说唱，有点蛋堡的味道','[\"http://localhost:8080/image?imageName=file17518073529391002app.jpg\"]',10.00,'市辖区',5,'2025-07-06 13:09:14',0,11,'#唱片#说唱',52),(132,'达达鸭','公子真的超级无敌帅好嘛','[\"http://localhost:8080/image?imageName=file17518074116061003background.png\"]',10.00,'市辖区',5,'2025-07-06 13:10:13',0,11,'#原神#达达利亚#公子',30),(133,'毛衣','一件毛衣','[\"http://localhost:8080/image?imageName=file17518951585701002毛衣.jpg\"]',10.00,'市辖区',5,'2025-07-07 13:32:40',2,18,'#毛衣#过冬必备#氛围感',15),(134,'邻家女孩专辑唱片','超级有蛋堡味','[\"http://localhost:8080/image?imageName=file17520463469901002app.jpg\"]',10.00,'市辖区',5,'2025-07-09 07:32:29',2,18,'#说唱#爵士说唱',4),(135,'公子（非卖品）','公子真的超级超级帅好嘛','[\"http://localhost:8080/image?imageName=file17520464145001003background.png\"]',20.00,'保定市',5,'2025-07-09 07:33:35',2,18,'#达达利亚#公子',3),(136,'毛衣','一件暖和的毛衣','[\"http://localhost:8080/image?imageName=file17520464561711004毛衣.jpg\"]',69.00,'包头市',5,'2025-07-09 07:34:17',0,11,'#毛衣#过冬必备',6),(137,'毛线帽','一件过冬的毛线帽','[\"http://localhost:8080/image?imageName=file17520465335701005毛线帽.jpg\"]',10.00,'遵义市',5,'2025-07-09 07:35:35',2,18,'#过冬必备#氛围感',2),(138,'唱片（测试）','测试测试','[]',10.00,'市辖区',5,'2025-07-09 07:50:04',2,18,'#爵士说唱#说唱',2),(139,'毛线帽','过冬必备御寒毛线帽','[\"http://localhost:8080/image?imageName=file17520601003271002毛线帽.jpg\"]',10.00,'邯郸市',5,'2025-07-09 11:21:42',1,11,'#过冬必备#氛围感',1),(140,'毛衣','毛衣毛衣','[\"http://localhost:8080/image?imageName=file17520601395751003毛衣.jpg\"]',78.00,'乌海市',5,'2025-07-09 11:22:21',1,11,'#毛衣#过冬必备',1),(141,'达达利亚(非卖品)','公子公子公子','[\"http://localhost:8080/image?imageName=file17520601886741004background.png\"]',10.00,'秦皇岛市',5,'2025-07-09 11:23:10',1,18,'#公子#达达利亚',1),(142,'邻家女孩唱片','超级有蛋堡味','[\"http://localhost:8080/image?imageName=file17520602465681005app.jpg\"]',10.00,'抚顺市',5,'2025-07-09 11:24:08',1,18,'#说唱#爵士说唱',2);
/*!40000 ALTER TABLE `sh_idle_item` ENABLE KEYS */;
UNLOCK TABLES;

--
-- Table structure for table `sh_message`
--

DROP TABLE IF EXISTS `sh_message`;
/*!40101 SET @saved_cs_client     = @@character_set_client */;
/*!50503 SET character_set_client = utf8mb4 */;
CREATE TABLE `sh_message` (
                              `id` bigint NOT NULL AUTO_INCREMENT COMMENT '自增主键',
                              `user_id` bigint NOT NULL COMMENT '用户主键id',
                              `idle_id` bigint NOT NULL COMMENT '闲置主键id',
                              `content` varchar(256) NOT NULL COMMENT '留言内容',
                              `create_time` datetime NOT NULL COMMENT '留言时间',
                              `to_user` bigint NOT NULL COMMENT '所回复的用户',
                              `to_message` bigint DEFAULT NULL COMMENT '所回复的留言',
                              `has_read` int DEFAULT '0',
                              PRIMARY KEY (`id`) USING BTREE,
                              KEY `user_id_index` (`user_id`) USING BTREE,
                              KEY `idle_id_index` (`idle_id`) USING BTREE,
                              KEY `to_user_index` (`to_user`) USING BTREE
) ENGINE=InnoDB AUTO_INCREMENT=72 DEFAULT CHARSET=utf8mb3 ROW_FORMAT=COMPACT;
/*!40101 SET character_set_client = @saved_cs_client */;

--
-- Dumping data for table `sh_message`
--

LOCK TABLES `sh_message` WRITE;
/*!40000 ALTER TABLE `sh_message` DISABLE KEYS */;
INSERT INTO `sh_message` VALUES (34,1,27,'测试测试','2021-09-03 01:24:00',7,NULL,0),(35,2,3,'测试测试','2021-09-10 00:55:32',1,NULL,1),(36,2,82,'俺想要','2022-08-09 20:30:12',2,NULL,0),(37,4,90,'一寸光阴一寸金，寸金难买寸光阴。','2022-10-22 22:18:53',3,NULL,0),(38,2,97,'不错不错','2023-01-08 15:50:23',2,NULL,0),(39,2,95,'我喜欢这个自行车，请问怎么进行提货啊','2023-01-08 17:53:13',2,NULL,0),(40,3,98,'你这个电风扇很不错啊，我很喜欢','2023-01-08 17:56:46',2,NULL,0),(41,3,97,'喜欢','2023-01-08 17:58:40',2,38,0),(42,2,97,'眼光不错','2023-01-08 18:00:23',3,41,0),(43,2,103,'1111','2023-09-10 03:40:15',1,NULL,1),(44,2,103,'111','2023-09-10 03:40:22',2,43,0),(45,1,102,'111111','2023-09-10 03:40:49',1,NULL,1),(46,1,102,'1111','2023-09-10 03:40:51',1,NULL,1),(47,1,102,'1111','2023-09-10 03:40:55',1,45,1),(48,11,106,'111','2025-03-12 06:57:18',11,NULL,1),(49,11,105,'222','2025-03-12 06:57:36',1,NULL,1),(50,11,105,'333','2025-03-12 06:57:43',11,49,1),(51,18,105,'111','2025-06-23 06:54:39',1,NULL,1),(52,18,105,'1111','2025-06-30 02:27:55',1,NULL,1),(53,11,110,'111111','2025-06-30 02:28:15',18,NULL,1),(54,18,105,'1111','2025-06-30 02:31:45',1,NULL,1),(55,18,105,'ssss','2025-06-30 02:40:28',18,54,1),(56,18,110,'dddddd','2025-06-30 02:40:54',18,NULL,1),(57,18,110,'1111','2025-06-30 03:02:00',18,NULL,1),(58,11,110,'哈哈哈哈','2025-06-30 03:22:27',18,NULL,1),(59,18,110,'11111','2025-06-30 08:41:49',18,NULL,1),(60,18,110,'111','2025-06-30 08:42:08',18,NULL,1),(61,18,110,'222','2025-06-30 08:57:35',18,NULL,1),(62,18,110,'222','2025-06-30 08:57:58',18,NULL,1),(63,18,105,'哈哈哈哈哈','2025-06-30 08:58:17',1,NULL,1),(64,1,105,'222','2025-06-30 09:06:03',1,NULL,1),(65,1,110,'222','2025-06-30 09:08:27',18,NULL,1),(66,1,105,'333','2025-06-30 09:10:14',1,NULL,1),(67,1,110,'2323','2025-06-30 09:10:23',18,NULL,1),(68,18,110,'dddd','2025-06-30 09:10:39',1,67,1),(69,18,111,'哈哈哈哈','2025-06-30 12:01:53',18,NULL,1),(70,11,110,'嘎嘎嘎','2025-06-30 12:03:54',18,NULL,1),(71,11,110,'哈哈哈','2025-06-30 12:05:02',18,NULL,1);
/*!40000 ALTER TABLE `sh_message` ENABLE KEYS */;
UNLOCK TABLES;

--
-- Table structure for table `sh_order`
--

DROP TABLE IF EXISTS `sh_order`;
/*!40101 SET @saved_cs_client     = @@character_set_client */;
/*!50503 SET character_set_client = utf8mb4 */;
CREATE TABLE `sh_order` (
                            `id` bigint NOT NULL AUTO_INCREMENT COMMENT '自增主键',
                            `order_number` varchar(32) NOT NULL COMMENT '订单编号',
                            `user_id` bigint NOT NULL COMMENT '用户主键id',
                            `idle_id` bigint NOT NULL COMMENT '闲置物品主键id',
                            `order_price` decimal(10,2) NOT NULL COMMENT '订单总价',
                            `payment_status` tinyint NOT NULL COMMENT '支付状态',
                            `payment_way` varchar(16) DEFAULT NULL COMMENT '支付方式',
                            `create_time` datetime NOT NULL COMMENT '创建时间',
                            `payment_time` datetime DEFAULT NULL COMMENT '支付时间',
                            `order_status` tinyint NOT NULL COMMENT '订单状态',
                            `is_deleted` tinyint DEFAULT NULL COMMENT '是否删除',
                            PRIMARY KEY (`id`) USING BTREE
) ENGINE=InnoDB AUTO_INCREMENT=93 DEFAULT CHARSET=utf8mb3 ROW_FORMAT=COMPACT;
/*!40101 SET character_set_client = @saved_cs_client */;

--
-- Dumping data for table `sh_order`
--

LOCK TABLES `sh_order` WRITE;
/*!40000 ALTER TABLE `sh_order` DISABLE KEYS */;
INSERT INTO `sh_order` VALUES (65,'166644845940310002',2,89,52.00,0,NULL,'2022-10-22 22:20:59',NULL,4,NULL),(66,'166644847386610003',2,90,100.00,0,NULL,'2022-10-22 22:21:13',NULL,4,NULL),(73,'167316390306810008',2,91,20.00,0,NULL,'2023-01-08 15:45:03',NULL,4,NULL),(74,'167316390677010009',2,90,100.00,0,NULL,'2023-01-08 15:45:06',NULL,4,NULL),(75,'167316391048610010',2,87,52.00,0,NULL,'2023-01-08 15:45:10',NULL,4,NULL),(76,'167317079822610011',2,91,20.00,0,NULL,'2023-01-08 17:39:58',NULL,0,NULL),(77,'167317080313310012',2,90,100.00,0,NULL,'2023-01-08 17:40:03',NULL,0,NULL),(78,'167317080721110013',2,87,52.00,0,NULL,'2023-01-08 17:40:07',NULL,0,NULL),(79,'167317197510610014',3,98,30.00,1,'支付宝','2023-01-08 17:59:35','2023-01-08 17:59:39',2,NULL),(80,'169868139833810002',2,3,120.00,0,NULL,'2023-10-30 15:56:38',NULL,4,NULL),(81,'169868142096810003',2,5,10.00,0,NULL,'2023-10-30 15:57:01',NULL,4,NULL),(82,'169868167883610004',2,5,10.00,0,NULL,'2023-10-30 16:01:19',NULL,4,NULL),(83,'169868176136110005',2,5,10.00,1,'支付宝','2023-10-30 16:02:41','2023-10-30 16:03:06',1,NULL),(84,'170233774650610002',7,3,120.00,0,NULL,'2023-12-11 23:35:47',NULL,0,NULL),(85,'170233778849310003',4,5,10.00,1,'支付宝','2023-12-11 23:36:28','2023-12-11 23:37:07',3,NULL),(86,'174040852634410002',11,105,19.99,0,NULL,'2025-02-24 14:48:46',NULL,4,NULL),(87,'174040858398110003',11,4,50.00,1,'支付宝','2025-02-24 14:49:44','2025-02-24 14:49:47',1,NULL),(88,'175172043155110002',18,105,19.99,0,NULL,'2025-07-05 13:00:32',NULL,4,NULL),(89,'175172631756910003',18,105,19.99,1,'支付宝','2025-07-05 14:38:38','2025-07-05 14:39:07',1,NULL),(90,'175203896099410002',18,131,10.00,1,'支付宝','2025-07-09 05:29:21','2025-07-09 05:29:27',3,NULL),(91,'175203952960510003',18,132,10.00,1,'支付宝','2025-07-09 05:38:50','2025-07-09 05:38:53',3,NULL),(92,'175204263383510002',11,133,10.00,1,'支付宝','2025-07-09 06:30:34','2025-07-09 06:30:44',3,NULL);
/*!40000 ALTER TABLE `sh_order` ENABLE KEYS */;
UNLOCK TABLES;

--
-- Table structure for table `sh_order_address`
--

DROP TABLE IF EXISTS `sh_order_address`;
/*!40101 SET @saved_cs_client     = @@character_set_client */;
/*!50503 SET character_set_client = utf8mb4 */;
CREATE TABLE `sh_order_address` (
                                    `id` bigint NOT NULL AUTO_INCREMENT COMMENT '自增id',
                                    `order_id` bigint NOT NULL COMMENT '订单id',
                                    `consignee_name` varchar(32) NOT NULL COMMENT '收货人',
                                    `consignee_phone` varchar(32) NOT NULL COMMENT '电话',
                                    `detail_address` varchar(128) NOT NULL COMMENT '收货地址',
                                    PRIMARY KEY (`id`) USING BTREE,
                                    UNIQUE KEY `orderId` (`order_id`) USING BTREE,
                                    KEY `order_id_index` (`order_id`) USING BTREE
) ENGINE=InnoDB AUTO_INCREMENT=28 DEFAULT CHARSET=utf8mb3 ROW_FORMAT=COMPACT;
/*!40101 SET character_set_client = @saved_cs_client */;

--
-- Dumping data for table `sh_order_address`
--

LOCK TABLES `sh_order_address` WRITE;
/*!40000 ALTER TABLE `sh_order_address` DISABLE KEYS */;
INSERT INTO `sh_order_address` VALUES (1,58,'user9','13011110009','江苏省南通市崇川区花园一单元一号楼'),(2,59,'user8','13011110008','江苏省南通市崇川区888'),(3,60,'user9','13011110009','江苏省南通市崇川区花园一单元一号楼'),(4,62,'MZ','13011110000','河南省新乡市原阳县测试测试'),(5,61,'MZ','13011110000','河南省新乡市原阳县测试测试'),(6,63,'1211111111','1212','天津市市辖区河东区212'),(7,64,'1211111111','1212','天津市市辖区河东区212'),(8,65,'1211111111','1212','天津市市辖区河东区212'),(9,66,'1211111111','1212','天津市市辖区河东区212'),(10,73,'1211111111','1212','天津市市辖区河东区212'),(11,74,'1211111111','1212','天津市市辖区河东区212'),(12,75,'1211111111','1212','天津市市辖区河东区212'),(13,76,'1211111111','1212','天津市市辖区河东区212'),(14,77,'1211111111','1212','天津市市辖区河东区212'),(15,78,'1211111111','1212','天津市市辖区河东区212'),(16,79,'下雨','1788888888','天津市市辖区河西区北京'),(17,80,'1211111111','1212','天津市市辖区河东区212'),(18,81,'1211111111','1212','天津市市辖区河东区212'),(19,82,'1211111111','1212','天津市市辖区河东区212'),(20,83,'1211111111','1212','天津市市辖区河东区212'),(21,85,'下雨','1788888888','天津市市辖区河西区北京'),(22,87,'刘雨飞','17734351169','河北省保定市博野县'),(23,86,'刘雨飞','17734351169','河北省保定市博野县'),(24,89,'111','111','天津市市辖区和平区aaa'),(25,90,'111','111','天津市市辖区和平区aaa'),(26,91,'111','111','天津市市辖区和平区aaa'),(27,92,'刘雨飞','17734351169','河北省保定市博野县');
/*!40000 ALTER TABLE `sh_order_address` ENABLE KEYS */;
UNLOCK TABLES;

--
-- Table structure for table `sh_shield`
--

DROP TABLE IF EXISTS `sh_shield`;
/*!40101 SET @saved_cs_client     = @@character_set_client */;
/*!50503 SET character_set_client = utf8mb4 */;
CREATE TABLE `sh_shield` (
                             `id` bigint NOT NULL AUTO_INCREMENT,
                             `create_time` datetime DEFAULT NULL,
                             `user_id` bigint DEFAULT NULL,
                             `idle_id` bigint DEFAULT NULL,
                             PRIMARY KEY (`id`),
                             UNIQUE KEY `user_id` (`user_id`,`idle_id`),
                             KEY `fk_idle` (`idle_id`),
                             CONSTRAINT `fk_idle` FOREIGN KEY (`idle_id`) REFERENCES `sh_idle_item` (`id`),
                             CONSTRAINT `fk_user` FOREIGN KEY (`user_id`) REFERENCES `sh_user` (`id`)
) ENGINE=InnoDB AUTO_INCREMENT=10 DEFAULT CHARSET=utf8mb3;
/*!40101 SET character_set_client = @saved_cs_client */;

--
-- Dumping data for table `sh_shield`
--

LOCK TABLES `sh_shield` WRITE;
/*!40000 ALTER TABLE `sh_shield` DISABLE KEYS */;
/*!40000 ALTER TABLE `sh_shield` ENABLE KEYS */;
UNLOCK TABLES;

--
-- Table structure for table `sh_tag`
--

DROP TABLE IF EXISTS `sh_tag`;
/*!40101 SET @saved_cs_client     = @@character_set_client */;
/*!50503 SET character_set_client = utf8mb4 */;
CREATE TABLE `sh_tag` (
                          `text` varchar(255) NOT NULL,
                          `use_count` bigint DEFAULT '1',
                          PRIMARY KEY (`text`)
) ENGINE=InnoDB DEFAULT CHARSET=utf8mb3;
/*!40101 SET character_set_client = @saved_cs_client */;

--
-- Dumping data for table `sh_tag`
--

LOCK TABLES `sh_tag` WRITE;
/*!40000 ALTER TABLE `sh_tag` DISABLE KEYS */;
INSERT INTO `sh_tag` VALUES ('#公子',3),('#原神',1),('#呵呵',2),('#哈哈',6),('#哈哈哈',2),('#唱片',1),('#数码相机',1),('#毛衣',3),('#氛围感',3),('#测试',4),('#测试哈哈哈',1),('#测试啦啦啦',1),('#爵士说唱',3),('#说唱',4),('#达达利亚',3),('#过冬必备',5);
/*!40000 ALTER TABLE `sh_tag` ENABLE KEYS */;
UNLOCK TABLES;

--
-- Table structure for table `sh_user`
--

DROP TABLE IF EXISTS `sh_user`;
/*!40101 SET @saved_cs_client     = @@character_set_client */;
/*!50503 SET character_set_client = utf8mb4 */;
CREATE TABLE `sh_user` (
                           `id` bigint NOT NULL AUTO_INCREMENT COMMENT '自增主键',
                           `account_number` varchar(16) NOT NULL COMMENT '账号（手机号）',
                           `user_password` varchar(16) NOT NULL COMMENT '登录密码',
                           `nickname` varchar(32) NOT NULL COMMENT '昵称',
                           `avatar` varchar(256) NOT NULL COMMENT '头像',
                           `sign_in_time` datetime NOT NULL COMMENT '注册时间',
                           `user_status` tinyint DEFAULT NULL COMMENT '状态（1代表封禁）',
                           `collect_tag` varchar(1024) DEFAULT NULL,
                           `skim_tag` varchar(1024) DEFAULT NULL,
                           `issue_tag` varchar(1024) DEFAULT NULL,
                           `shield_tag` varchar(1024) DEFAULT NULL,
                           `decrease_tag` varchar(1024) DEFAULT NULL,
                           `trade_count` bigint DEFAULT '0',
                           `applause_rate` int DEFAULT '100',
                           PRIMARY KEY (`id`) USING BTREE,
                           UNIQUE KEY `account_number` (`account_number`) USING BTREE
) ENGINE=InnoDB AUTO_INCREMENT=19 DEFAULT CHARSET=utf8mb3 ROW_FORMAT=COMPACT;
/*!40101 SET character_set_client = @saved_cs_client */;

--
-- Dumping data for table `sh_user`
--

LOCK TABLES `sh_user` WRITE;
/*!40000 ALTER TABLE `sh_user` DISABLE KEYS */;
INSERT INTO `sh_user` VALUES (1,'13011110000','123456','MZZ','http://localhost:8080/image?imageName=file168663143432210031.jpg','2021-09-01 10:49:01',0,NULL,NULL,NULL,NULL,NULL,0,100),(2,'10086','123456','沈一一','http://localhost:8080/image?imageName=file168663143432210030.png','2021-09-01 11:47:19',0,NULL,NULL,NULL,NULL,NULL,0,100),(3,'10087','123456','夏目','http://localhost:8080/image?imageName=file16731717831451008file16512163108731007tx10.jpg','2021-09-01 11:47:30',0,NULL,NULL,NULL,NULL,NULL,0,100),(4,'10088','123456','下雨','http://localhost:8080/image?imageName=file16664482422991023伞.jpg','2021-09-01 11:53:15',0,NULL,NULL,NULL,NULL,NULL,0,100),(5,'13011110004','123456','user4','http://localhost:8080/image?imageName=file16600445641151003109951165625541004.jpg','2021-09-01 12:21:50',1,NULL,NULL,NULL,NULL,NULL,0,100),(6,'13011110005','123456','user5','http://localhost:8080/image?imageName=file16600445641151003109951165625541004.jpg','2021-09-01 12:22:33',1,NULL,NULL,NULL,NULL,NULL,0,100),(7,'13011110006','123456','user6','http://localhost:8080/image?imageName=file16600445641151003109951165625541004.jpg','2021-09-01 12:23:15',0,NULL,NULL,NULL,NULL,NULL,0,100),(8,'13011110007','123456','user7','http://localhost:8080/image?imageName=file16600445641151003109951165625541004.jpg','2021-09-01 12:25:36',1,NULL,NULL,NULL,NULL,NULL,0,100),(9,'13011110008','123456','user8','http://localhost:8080/image?imageName=file16600445641151003109951165625541004.jpg','2021-09-01 13:24:04',1,NULL,NULL,NULL,NULL,NULL,0,100),(10,'13011110009','123456','user9','http://localhost:8080/image?imageName=file16600445641151003109951165625541004.jpg','2021-09-01 13:49:01',1,NULL,NULL,NULL,NULL,NULL,0,100),(11,'123','123','123','https://cube.elemecdn.com/0/88/03b0d39583f48206768a7534e55bcpng.png','2025-02-24 14:48:36',NULL,'[{\"text\":\"#说唱\",\"count\":1,\"time\":\"2025-07-09 15:50:27\"},{\"text\":\"#爵士说唱\",\"count\":1,\"time\":\"2025-07-09 15:50:27\"}]','[{\"text\":\"#毛衣\",\"count\":4,\"time\":\"2025-07-09 19:22:20\"},{\"text\":\"#过冬必备\",\"count\":5,\"time\":\"2025-07-09 19:22:20\"},{\"text\":\"#氛围感\",\"count\":2,\"time\":\"2025-07-09 19:21:41\"},{\"text\":\"#哈哈\",\"count\":1,\"time\":\"2025-07-09 14:36:19\"},{\"text\":\"#说唱\",\"count\":3,\"time\":\"2025-07-09 23:12:03\"},{\"text\":\"#爵士说唱\",\"count\":3,\"time\":\"2025-07-09 23:12:03\"}]','[{\"text\":\"#毛衣\",\"count\":2,\"time\":\"2025-07-09 19:22:20\"},{\"text\":\"#过冬必备\",\"count\":3,\"time\":\"2025-07-09 19:22:20\"},{\"text\":\"#氛围感\",\"count\":1,\"time\":\"2025-07-09 19:21:41\"}]','[]','[{\"text\":\"#唱片\",\"count\":1,\"time\":\"2025-07-08 22:55:51\"},{\"text\":\"#说唱\",\"count\":1,\"time\":\"2025-07-08 22:55:51\"}]',1,100),(18,'12','12','12','http://localhost:8080/image?imageName=file17506531467021002six_app.jpg','2025-06-22 10:10:52',NULL,'[{\"text\":\"#唱片\",\"count\":1,\"time\":\"2025-07-08 22:51:48\"},{\"text\":\"#说唱\",\"count\":1,\"time\":\"2025-07-08 22:51:48\"},{\"text\":\"#毛衣\",\"count\":1,\"time\":\"2025-07-09 15:36:05\"},{\"text\":\"#过冬必备\",\"count\":1,\"time\":\"2025-07-09 15:36:05\"}]','[{\"text\":\"#达达利亚\",\"count\":3,\"time\":\"2025-07-09 19:23:09\"},{\"text\":\"#公子\",\"count\":3,\"time\":\"2025-07-09 19:23:09\"},{\"text\":\"#爵士说唱\",\"count\":4,\"time\":\"2025-07-09 19:24:07\"},{\"text\":\"#说唱\",\"count\":4,\"time\":\"2025-07-09 19:24:07\"},{\"text\":\"#过冬必备\",\"count\":2,\"time\":\"2025-07-09 19:20:33\"},{\"text\":\"#氛围感\",\"count\":1,\"time\":\"2025-07-09 19:20:03\"},{\"text\":\"#毛衣\",\"count\":1,\"time\":\"2025-07-09 19:20:33\"}]','[{\"text\":\"#说唱\",\"count\":3,\"time\":\"2025-07-09 19:24:07\"},{\"text\":\"#爵士说唱\",\"count\":3,\"time\":\"2025-07-09 19:24:07\"},{\"text\":\"#达达利亚\",\"count\":2,\"time\":\"2025-07-09 19:23:09\"},{\"text\":\"#公子\",\"count\":2,\"time\":\"2025-07-09 19:23:09\"},{\"text\":\"#过冬必备\",\"count\":1,\"time\":\"2025-07-09 15:35:34\"},{\"text\":\"#氛围感\",\"count\":1,\"time\":\"2025-07-09 15:35:34\"}]','[]','',0,100);
/*!40000 ALTER TABLE `sh_user` ENABLE KEYS */;
UNLOCK TABLES;
/*!40103 SET TIME_ZONE=@OLD_TIME_ZONE */;

/*!40101 SET SQL_MODE=@OLD_SQL_MODE */;
/*!40014 SET FOREIGN_KEY_CHECKS=@OLD_FOREIGN_KEY_CHECKS */;
/*!40014 SET UNIQUE_CHECKS=@OLD_UNIQUE_CHECKS */;
/*!40101 SET CHARACTER_SET_CLIENT=@OLD_CHARACTER_SET_CLIENT */;
/*!40101 SET CHARACTER_SET_RESULTS=@OLD_CHARACTER_SET_RESULTS */;
/*!40101 SET COLLATION_CONNECTION=@OLD_COLLATION_CONNECTION */;
/*!40111 SET SQL_NOTES=@OLD_SQL_NOTES */;