-- MySQL dump 10.13  Distrib 8.0.38, for Win64 (x86_64)
--
-- Host: 127.0.0.1    Database: db_second_hand_trading
-- ------------------------------------------------------
-- Server version	8.0.39

/*!40101 SET @OLD_CHARACTER_SET_CLIENT=@@CHARACTER_SET_CLIENT */;
/*!40101 SET @OLD_CHARACTER_SET_RESULTS=@@CHARACTER_SET_RESULTS */;
/*!40101 SET @OLD_COLLATION_CONNECTION=@@COLLATION_CONNECTION */;
/*!50503 SET NAMES utf8mb4 */;
/*!40103 SET @OLD_TIME_ZONE=@@TIME_ZONE */;
/*!40103 SET TIME_ZONE='+00:00' */;
/*!40014 SET @OLD_UNIQUE_CHECKS=@@UNIQUE_CHECKS, UNIQUE_CHECKS=0 */;
/*!40014 SET @OLD_FOREIGN_KEY_CHECKS=@@FOREIGN_KEY_CHECKS, FOREIGN_KEY_CHECKS=0 */;
/*!40101 SET @OLD_SQL_MODE=@@SQL_MODE, SQL_MODE='NO_AUTO_VALUE_ON_ZERO' */;
/*!40111 SET @OLD_SQL_NOTES=@@SQL_NOTES, SQL_NOTES=0 */;

--
-- Table structure for table `sh_address`
--

DROP TABLE IF EXISTS `sh_address`;
/*!40101 SET @saved_cs_client     = @@character_set_client */;
/*!50503 SET character_set_client = utf8mb4 */;
CREATE TABLE `sh_address` (
  `id` bigint NOT NULL AUTO_INCREMENT COMMENT '自增主键',
  `consignee_name` varchar(32) NOT NULL COMMENT '收货人姓名',
  `consignee_phone` varchar(16) NOT NULL COMMENT '收货人手机号',
  `province_name` varchar(32) NOT NULL COMMENT '省',
  `city_name` varchar(32) NOT NULL COMMENT '市',
  `region_name` varchar(32) NOT NULL COMMENT '区',
  `detail_address` varchar(64) NOT NULL COMMENT '详细地址',
  `default_flag` tinyint NOT NULL COMMENT '是否默认地址',
  `user_id` bigint NOT NULL COMMENT '用户主键id',
  PRIMARY KEY (`id`) USING BTREE,
  KEY `user_id_index` (`user_id`) USING BTREE
) ENGINE=InnoDB AUTO_INCREMENT=31 DEFAULT CHARSET=utf8mb3 ROW_FORMAT=COMPACT;
/*!40101 SET character_set_client = @saved_cs_client */;

--
-- Dumping data for table `sh_address`
--

LOCK TABLES `sh_address` WRITE;
/*!40000 ALTER TABLE `sh_address` DISABLE KEYS */;
INSERT INTO `sh_address` VALUES (1,'user9','13011110009','江苏省','南通市','崇川区','花园一单元一号楼',1,10),(2,'user8','13011110008','江苏省','南通市','崇川区','888',1,9),(27,'MZ','13011110000','河南省','新乡市','原阳县','测试测试',1,1),(28,'1211111111','1212','天津市','市辖区','河东区','212',1,2),(29,'下雨','1788888888','天津市','市辖区','河西区','北京',1,4),(30,'刘雨飞','17734351169','河北省','保定市','博野县','',1,11);
/*!40000 ALTER TABLE `sh_address` ENABLE KEYS */;
UNLOCK TABLES;

--
-- Table structure for table `sh_admin`
--

DROP TABLE IF EXISTS `sh_admin`;
/*!40101 SET @saved_cs_client     = @@character_set_client */;
/*!50503 SET character_set_client = utf8mb4 */;
CREATE TABLE `sh_admin` (
  `id` bigint NOT NULL AUTO_INCREMENT COMMENT '自增主键',
  `account_number` varchar(16) NOT NULL COMMENT '管理员账号',
  `admin_password` varchar(16) NOT NULL COMMENT '密码',
  `admin_name` varchar(8) NOT NULL COMMENT '管理员名字',
  PRIMARY KEY (`id`) USING BTREE,
  UNIQUE KEY `account_number` (`account_number`) USING BTREE
) ENGINE=InnoDB AUTO_INCREMENT=13 DEFAULT CHARSET=utf8mb3 ROW_FORMAT=COMPACT;
/*!40101 SET character_set_client = @saved_cs_client */;

--
-- Dumping data for table `sh_admin`
--

LOCK TABLES `sh_admin` WRITE;
/*!40000 ALTER TABLE `sh_admin` DISABLE KEYS */;
INSERT INTO `sh_admin` VALUES (1,'java1234','123456','超级管理员'),(2,'22','123123','管理员1'),(3,'33','123123','管理员2'),(11,'44','123123','管理员3'),(12,'55','123123','管理员4');
/*!40000 ALTER TABLE `sh_admin` ENABLE KEYS */;
UNLOCK TABLES;

--
-- Table structure for table `sh_chat`
--

DROP TABLE IF EXISTS `sh_chat`;
/*!40101 SET @saved_cs_client     = @@character_set_client */;
/*!50503 SET character_set_client = utf8mb4 */;
CREATE TABLE `sh_chat` (
  `id` varchar(255) NOT NULL,
  `user1_id` bigint DEFAULT NULL,
  `user2_id` bigint DEFAULT NULL,
  PRIMARY KEY (`id`),
  KEY `fk_user1` (`user1_id`),
  KEY `fk_user2` (`user2_id`),
  CONSTRAINT `fk_user1` FOREIGN KEY (`user1_id`) REFERENCES `sh_user` (`id`),
  CONSTRAINT `fk_user2` FOREIGN KEY (`user2_id`) REFERENCES `sh_user` (`id`)
) ENGINE=InnoDB DEFAULT CHARSET=utf8mb3;
/*!40101 SET character_set_client = @saved_cs_client */;

--
-- Dumping data for table `sh_chat`
--

LOCK TABLES `sh_chat` WRITE;
/*!40000 ALTER TABLE `sh_chat` DISABLE KEYS */;
INSERT INTO `sh_chat` VALUES ('111',1,11),('1118',11,18),('118',1,18),('1818',18,18);
/*!40000 ALTER TABLE `sh_chat` ENABLE KEYS */;
UNLOCK TABLES;

--
-- Table structure for table `sh_chat_message`
--

DROP TABLE IF EXISTS `sh_chat_message`;
/*!40101 SET @saved_cs_client     = @@character_set_client */;
/*!50503 SET character_set_client = utf8mb4 */;
CREATE TABLE `sh_chat_message` (
  `id` bigint NOT NULL AUTO_INCREMENT,
  `chat_id` varchar(255) DEFAULT NULL,
  `sender_id` bigint DEFAULT NULL,
  `content` varchar(255) DEFAULT NULL,
  `send_time` datetime DEFAULT NULL,
  `has_read` int DEFAULT '0',
  PRIMARY KEY (`id`),
  KEY `fk_chat` (`chat_id`),
  KEY `fk_sender` (`sender_id`),
  CONSTRAINT `fk_chat` FOREIGN KEY (`chat_id`) REFERENCES `sh_chat` (`id`),
  CONSTRAINT `fk_sender` FOREIGN KEY (`sender_id`) REFERENCES `sh_user` (`id`)
) ENGINE=InnoDB AUTO_INCREMENT=320 DEFAULT CHARSET=utf8mb3;
/*!40101 SET character_set_client = @saved_cs_client */;

--
-- Dumping data for table `sh_chat_message`
--

LOCK TABLES `sh_chat_message` WRITE;
/*!40000 ALTER TABLE `sh_chat_message` DISABLE KEYS */;
INSERT INTO `sh_chat_message` VALUES (1,'118',18,'1','2025-06-29 01:35:08',1),(8,'118',18,'123123','2025-06-29 01:45:56',1),(9,'118',18,'asdasd','2025-06-29 01:45:58',1),(10,'118',1,'12312312','2025-06-29 02:02:30',1),(11,'118',1,'哈哈哈哈哈','2025-06-29 02:02:38',1),(12,'118',18,'123123','2025-06-29 02:05:24',1),(13,'118',18,'你好啊','2025-06-29 02:06:34',1),(14,'118',18,'哈哈哈哈','2025-06-29 02:06:39',1),(15,NULL,18,'12312312','2025-06-29 12:01:24',0),(16,NULL,NULL,'dsasdasdas',NULL,0),(17,NULL,NULL,'asdasda',NULL,0),(18,'118',1,'大大大大','2025-06-29 13:55:38',1),(19,'118',18,'zxczxczxc','2025-06-29 14:04:34',1),(20,'118',18,'12312312','2025-06-29 14:05:41',1),(21,'118',18,'wearfdsgh','2025-06-29 14:07:48',1),(22,'118',18,'12342','2025-06-29 14:23:17',1),(23,'118',18,'dss','2025-06-29 14:25:53',1),(24,'118',18,'135','2025-06-29 14:28:59',1),(25,'118',18,'123123123','2025-06-29 14:29:58',1),(26,'118',18,'1231231','2025-06-29 14:31:22',1),(27,'118',18,'哈哈哈哈','2025-06-29 14:37:41',1),(28,'118',18,'2342323423','2025-06-29 14:50:41',1),(29,'118',18,'asdasda','2025-06-29 14:50:54',1),(30,'118',18,'年哈哈哈哈哈','2025-06-29 14:52:11',1),(31,'118',18,'请31尔萨','2025-06-29 14:52:19',1),(32,'118',18,'12312321312312312','2025-06-29 14:55:10',1),(33,'118',18,'我rest第一封邮件给对方','2025-06-29 14:56:41',1),(34,'118',18,'啊实打实大苏打','2025-06-29 14:56:48',1),(35,'118',1,'23424','2025-06-29 14:57:52',1),(36,'118',18,'哈哈哈哈哈','2025-06-29 17:00:44',1),(37,'118',18,'啊实打实打算','2025-06-29 17:02:06',1),(38,'118',1,'hahahahah','2025-06-29 17:03:05',1),(39,'118',18,'阿三大苏打','2025-06-29 17:04:25',1),(40,'118',1,'啊实打实打算','2025-06-29 17:05:07',1),(41,'118',18,'威群岛亲卫队请问','2025-06-29 17:06:21',1),(42,'118',18,'啊实打实','2025-06-29 17:06:25',1),(43,'118',18,'a\'s\'da\'s','2025-06-29 17:06:32',1),(44,'118',1,'阿萨的','2025-06-29 17:07:08',1),(45,'118',1,'哇咔咔','2025-06-29 17:09:09',1),(46,'118',1,'丘奇区','2025-06-29 17:09:45',1),(47,'118',18,'阿斯顿打撒','2025-06-29 17:10:04',1),(48,'118',18,'我','2025-06-29 17:11:08',1),(49,'118',18,'嗡嗡嗡','2025-06-29 17:12:18',1),(50,'118',1,'123123123','2025-06-29 17:12:31',1),(51,'118',1,'阿萨的埃斯','2025-06-29 17:15:19',1),(52,'118',18,'啊实打实','2025-06-29 17:16:37',1),(53,'118',1,'啊实打实','2025-06-29 17:16:48',1),(54,'118',1,'123','2025-06-29 17:17:53',1),(55,'118',18,'123','2025-06-29 17:23:28',1),(56,'118',1,'12312','2025-06-29 17:24:54',1),(57,'118',18,'请问请问','2025-06-29 17:25:37',1),(58,'118',18,'请问企鹅','2025-06-29 17:26:03',1),(59,'118',18,'起位去','2025-06-29 17:26:06',1),(60,'118',18,'实打实','2025-06-29 17:26:13',1),(61,'118',1,'其2','2025-06-29 17:26:35',1),(62,'118',18,'123','2025-06-29 17:27:26',1),(63,'118',1,'阿三大苏打','2025-06-29 17:27:35',1),(64,'118',18,'11111','2025-06-29 17:32:22',1),(65,'118',1,'阿三大苏打','2025-06-29 17:32:30',1),(66,'118',18,'啊实打实打算','2025-06-29 17:33:42',1),(67,'118',18,'请问请问','2025-06-29 17:34:50',1),(68,'118',1,'阿松大','2025-06-29 17:35:01',1),(69,'118',18,'阿三大苏打','2025-06-29 17:35:22',1),(70,'118',1,'阿三大苏打','2025-06-29 17:35:29',1),(71,'118',1,'啊大大','2025-06-29 17:37:30',1),(72,'118',18,'12312','2025-06-29 17:37:37',1),(73,'118',18,'微软微软为','2025-06-29 18:56:52',1),(74,'118',18,'啊实打实','2025-06-29 18:57:27',1),(75,'118',18,'啊实打实','2025-06-29 18:58:49',1),(76,'118',1,'123','2025-06-29 19:09:22',1),(77,'118',18,'阿三大苏打','2025-06-29 19:11:14',1),(78,'118',18,'123','2025-06-29 19:13:10',1),(79,'118',1,'12312312','2025-06-29 19:14:13',1),(80,'118',18,'123333','2025-06-29 19:15:33',1),(81,'118',1,'hahahah','2025-06-29 19:15:45',1),(82,'118',18,'你好啊','2025-06-29 19:16:13',1),(83,'118',18,'hellohello','2025-06-29 19:16:22',1),(84,'118',1,'我不好','2025-06-29 19:16:30',1),(85,'118',18,'大大大大','2025-06-29 19:17:29',1),(86,'118',1,'你大个鬼','2025-06-29 19:17:47',1),(87,'118',1,'嘎嘎嘎嘎','2025-06-29 19:17:59',1),(88,'118',18,'打赏','2025-06-29 19:18:52',1),(89,'118',1,'啊大苏打','2025-06-29 19:19:00',1),(90,'118',1,'你听不见我说话嘛','2025-06-29 20:00:39',1),(91,'118',18,'啊？','2025-06-29 20:01:10',1),(92,'118',18,'你说啥','2025-06-29 20:03:20',1),(93,'118',1,'我没懂','2025-06-29 20:03:35',1),(94,'118',18,'这都不懂','2025-06-29 20:04:42',1),(95,'118',1,'笨死了','2025-06-29 20:07:52',1),(96,'118',18,'啊对对对','2025-06-29 20:10:53',1),(97,'118',1,'1111','2025-06-29 20:13:27',1),(98,'118',1,'1','2025-06-29 20:17:19',1),(99,'118',1,'2','2025-06-29 20:17:41',1),(100,'118',18,'大撒大撒','2025-06-29 20:19:31',1),(101,'118',1,'有病？','2025-06-29 20:19:41',1),(102,'118',1,'大大大大','2025-06-29 20:19:50',1),(103,'118',18,'啊大苏打','2025-06-29 20:22:57',1),(104,'118',18,'12312','2025-06-29 20:23:00',1),(105,'118',18,'啊实打实d','2025-06-29 20:23:07',1),(106,'118',18,'啊？\n','2025-06-29 20:32:01',1),(107,'118',18,'你在说啥\n','2025-06-29 20:32:05',1),(108,'118',18,'我没说啊\n','2025-06-29 20:32:16',1),(109,'118',18,'十大','2025-06-29 20:32:18',1),(110,'118',1,'阿三大苏打\n','2025-06-29 20:37:07',1),(111,'118',1,'阿松大阿松大as的\n','2025-06-29 20:37:08',1),(112,'118',1,'阿松大\n','2025-06-29 20:37:08',1),(113,'118',1,'as das的\nas dasd','2025-06-29 20:37:09',1),(114,'118',1,'埃斯das das das d阿松大\n','2025-06-29 20:37:10',1),(115,'118',1,'sadsad\n','2025-06-29 20:37:11',1),(116,'118',1,'温热微软','2025-06-29 20:42:49',1),(117,'118',1,'啊大苏打','2025-06-29 20:44:12',1),(118,'118',18,'阿三大苏打\nasdas ','2025-06-29 20:44:22',1),(119,'118',18,'d埃斯\n','2025-06-29 20:44:22',1),(120,'118',18,'das d埃斯\n','2025-06-29 20:44:22',1),(121,'118',18,'das d\n','2025-06-29 20:44:24',1),(122,'118',1,'阿萨大大','2025-06-29 20:44:42',1),(123,'118',1,'阿松大阿松大埃斯打赏的','2025-06-29 20:44:50',1),(124,'118',1,'撒旦阿松大啊实打实asdadas\nd','2025-06-29 20:46:53',1),(125,'118',1,'\nas','2025-06-29 20:46:53',1),(126,'118',1,'d\n','2025-06-29 20:46:53',1),(127,'118',1,'as\nd','2025-06-29 20:46:53',1),(128,'118',1,'as\n','2025-06-29 20:46:53',1),(129,'118',1,'d\nas','2025-06-29 20:46:54',1),(130,'118',1,'\nd','2025-06-29 20:46:54',1),(131,'118',1,'as\n','2025-06-29 20:46:54',1),(132,'118',1,'asd as d\nas','2025-06-29 20:47:31',1),(133,'118',1,' d\n','2025-06-29 20:47:31',1),(134,'118',1,'as\n ','2025-06-29 20:47:31',1),(135,'118',1,'d\na','2025-06-29 20:47:32',1),(136,'118',1,'s \nd','2025-06-29 20:47:32',1),(137,'118',1,'a\n s','2025-06-29 20:47:32',1),(138,'118',1,'asd sa\n','2025-06-29 20:48:02',1),(139,'118',1,'s \na','2025-06-29 20:48:02',1),(140,'118',1,' \nd','2025-06-29 20:48:02',1),(141,'118',1,'as\n','2025-06-29 20:48:03',1),(142,'118',1,' d\n','2025-06-29 20:48:03',1),(143,'118',1,'as\n ','2025-06-29 20:48:03',1),(144,'118',1,'d\na ','2025-06-29 20:48:03',1),(145,'118',1,'s\n','2025-06-29 20:48:03',1),(146,'118',1,'d\n','2025-06-29 20:48:04',1),(147,'118',18,'撒旦埃斯','2025-06-29 20:48:12',1),(148,'118',18,'撒旦埃斯','2025-06-29 20:48:35',1),(149,'118',1,'asd as','2025-06-29 20:48:40',1),(150,'118',1,'sad as','2025-06-29 20:48:47',1),(151,'118',1,'asd asd','2025-06-29 20:49:29',1),(152,'118',1,'asdas ','2025-06-29 20:51:10',1),(153,'118',18,'阿松大a\'sas','2025-06-29 20:51:33',1),(154,'118',1,'asdasd ','2025-06-29 20:51:37',1),(155,'118',1,'asdasd','2025-06-29 20:53:44',1),(156,'118',1,'sdasd','2025-06-29 20:54:06',1),(157,'118',18,'阿三大苏打','2025-06-29 20:54:13',1),(158,'118',18,'阿三大苏打','2025-06-29 20:55:31',1),(159,'118',18,'阿三大苏打','2025-06-29 20:57:02',1),(160,'118',1,'asdasd','2025-06-29 21:03:07',1),(161,'118',18,'a\'s','2025-06-29 21:03:18',1),(162,'118',1,'asdasd','2025-06-29 21:04:16',1),(163,'118',1,'asdasd','2025-06-29 21:04:52',1),(164,'118',18,'啊','2025-06-29 21:04:57',1),(165,'118',1,'asdsad','2025-06-29 21:06:00',1),(166,'118',1,'asdasd','2025-06-29 21:06:10',1),(167,'118',18,'阿三大苏打','2025-06-29 21:06:13',1),(168,'118',18,'啊实打实','2025-06-29 21:06:20',1),(169,'118',1,'sadasd','2025-06-29 21:06:39',1),(170,'118',1,'asdsa ','2025-06-29 21:06:48',1),(171,'118',1,'sadasd','2025-06-29 21:07:13',1),(172,'118',18,'阿三大苏打','2025-06-29 21:07:19',1),(173,'118',18,'撒旦撒','2025-06-29 21:07:24',1),(174,'118',1,'你好啊\n','2025-06-29 21:07:46',1),(175,'118',1,'十大','2025-06-29 21:07:57',1),(176,'118',1,'阿松大','2025-06-29 21:08:07',1),(177,'118',1,'阿三大苏打','2025-06-29 21:09:18',1),(178,'118',1,'实打实大苏打','2025-06-29 21:09:29',1),(179,'118',1,'阿松大','2025-06-29 21:10:52',1),(180,'118',1,'阿松大是','2025-06-29 21:10:58',1),(181,'118',1,'撒打算','2025-06-29 21:13:26',1),(182,'118',1,'撒旦撒','2025-06-29 21:13:32',1),(183,'118',1,'阿松大','2025-06-29 21:13:41',1),(184,'118',1,'撒打算','2025-06-29 21:14:41',1),(185,'118',1,'阿松大埃斯','2025-06-29 21:14:48',1),(186,'118',1,'阿松大埃斯','2025-06-29 21:14:53',1),(187,'118',1,'撒旦是','2025-06-29 21:17:57',1),(188,'118',18,'阿松大埃斯','2025-06-29 21:18:10',1),(189,'118',18,'阿松大埃斯','2025-06-29 21:18:16',1),(190,'118',18,'阿松大啊飒飒的','2025-06-29 21:18:24',1),(191,'118',18,'d埃斯打赏打赏 dd','2025-06-29 21:18:27',1),(192,'118',18,'asd a\n','2025-06-29 21:19:26',1),(193,'118',1,'撒旦啊','2025-06-29 21:19:32',1),(194,'118',1,'阿松大埃斯','2025-06-29 21:19:37',1),(195,'118',1,'阿松大撒','2025-06-29 21:19:47',1),(196,'118',1,'撒的','2025-06-29 21:19:51',1),(197,'118',1,'阿松大','2025-06-29 21:19:56',1),(198,'118',1,'埃斯的撒','2025-06-29 21:19:58',1),(199,'118',1,'  sa','2025-06-29 21:20:01',1),(200,'118',1,'  asdasd','2025-06-29 21:20:06',1),(201,'118',1,'asd','2025-06-29 21:20:18',1),(202,'118',1,'asdasd','2025-06-29 21:20:30',1),(203,'118',1,'asd','2025-06-29 21:20:45',1),(204,'118',1,'asdsd','2025-06-29 21:20:49',1),(205,'118',1,'dddd','2025-06-29 21:21:00',1),(206,'118',18,'dasd ','2025-06-29 21:23:33',1),(207,'118',18,'asdasd','2025-06-29 21:23:40',1),(208,'118',18,'dasd','2025-06-29 21:23:42',1),(209,'118',18,'aasdsa\n','2025-06-29 21:23:45',1),(210,'118',18,'as\nd','2025-06-29 21:23:45',1),(211,'118',18,'as\n','2025-06-29 21:23:45',1),(212,'118',18,'d\ns','2025-06-29 21:23:45',1),(213,'118',18,'a\n','2025-06-29 21:23:47',1),(214,'118',18,'asd','2025-06-29 21:23:57',1),(215,'118',18,'sdasd','2025-06-29 21:24:02',1),(216,'118',18,'asdasd','2025-06-29 21:24:03',1),(217,'118',18,'asdasd','2025-06-29 21:24:09',1),(218,'118',18,'asdasd','2025-06-29 21:24:10',1),(219,'118',18,'asdas','2025-06-29 21:24:12',1),(220,'118',1,'asdasd','2025-06-29 21:24:20',1),(221,'118',1,'asds','2025-06-29 21:24:26',1),(222,'118',18,'asdas','2025-06-29 21:25:45',1),(223,'118',1,'asdd','2025-06-29 21:25:49',1),(224,'118',18,'asdas','2025-06-29 21:25:58',1),(225,'118',18,'asdasd','2025-06-29 21:26:18',1),(226,'118',1,'asdas','2025-06-29 21:26:23',1),(227,'118',18,'sadasd','2025-06-29 21:26:47',1),(228,'118',18,'sadsad','2025-06-29 21:26:55',1),(229,'118',18,'asdasd','2025-06-29 21:26:59',1),(230,'118',18,'asdasd','2025-06-29 21:27:01',1),(231,'118',1,'asdasd','2025-06-29 21:27:13',1),(232,'118',18,'12312','2025-06-29 21:27:42',1),(233,'118',1,'12312','2025-06-29 21:27:45',1),(234,'118',1,'1231','2025-06-29 21:27:53',1),(235,'118',18,'dsadas','2025-06-29 21:28:45',1),(236,'118',18,'asd','2025-06-29 21:28:51',1),(237,'118',1,'sdas','2025-06-29 21:29:30',1),(238,'118',1,'ssss','2025-06-29 21:29:41',1),(239,'118',18,'sss','2025-06-29 21:29:45',1),(240,'118',1,'1111','2025-06-29 22:14:02',1),(241,'118',1,'1111','2025-06-29 22:16:11',1),(242,'118',1,'1111','2025-06-29 22:16:59',1),(243,'118',1,'werrwe','2025-06-29 22:17:13',1),(244,'118',18,'sdasd','2025-06-29 22:17:26',1),(245,'118',1,'asdsad','2025-06-29 22:18:08',1),(246,'118',1,'asdsa','2025-06-29 22:18:22',1),(247,'118',18,'asdas','2025-06-29 22:18:28',1),(248,'118',18,'edasd','2025-06-29 22:20:05',1),(249,'118',18,'asdasd','2025-06-29 22:20:12',1),(250,'118',18,'asdas','2025-06-29 22:20:19',1),(251,'118',18,'dasd','2025-06-29 22:21:57',1),(252,'118',1,'asdas','2025-06-29 22:22:00',1),(253,'118',1,'asdasd','2025-06-29 22:22:06',1),(254,'118',1,'asddas','2025-06-29 22:23:08',1),(255,'118',1,'asd','2025-06-29 22:23:18',1),(256,'118',18,'asd','2025-06-29 22:23:21',1),(257,'118',18,'dd','2025-06-29 22:23:26',1),(258,'118',18,'dd','2025-06-29 22:23:28',1),(259,'118',18,'ddd','2025-06-29 22:23:33',1),(260,'118',18,'dd','2025-06-29 22:23:56',1),(261,'118',1,'ddd','2025-06-29 22:23:59',1),(262,'118',1,'dddd','2025-06-29 22:24:05',1),(263,'118',1,',,,,','2025-06-29 22:25:37',1),(264,'118',1,'lkll\n','2025-06-29 22:25:44',1),(265,'118',1,'lplpo\n','2025-06-29 22:25:45',1),(266,'118',1,'lolo\n','2025-06-29 22:25:46',1),(267,'118',1,'hhj\n','2025-06-29 22:26:08',1),(268,'118',1,'jhjj\n','2025-06-29 22:26:09',1),(269,'118',1,'sss','2025-06-29 22:28:21',1),(270,'118',1,'dd','2025-06-29 22:28:29',1),(271,'118',18,'sss','2025-06-29 22:29:30',1),(272,'118',1,'ff','2025-06-29 22:30:57',1),(273,'118',18,'ass','2025-06-29 22:31:00',1),(274,'118',18,'sss','2025-06-29 22:31:07',1),(275,'118',18,'ssss','2025-06-29 22:31:56',1),(276,'118',1,'sss','2025-06-29 22:32:02',1),(277,'118',1,'sss','2025-06-29 22:32:07',1),(278,'118',1,'sss','2025-06-29 22:32:12',1),(279,'118',1,'111','2025-06-29 22:33:03',1),(280,'118',1,'dddd','2025-06-29 22:33:18',1),(281,'118',18,'dd','2025-06-29 22:33:23',1),(282,'118',18,'ddd','2025-06-29 22:33:32',1),(283,'118',1,'1111','2025-06-29 22:34:00',1),(284,'118',1,'122','2025-06-29 22:34:05',1),(285,'118',1,'ddd','2025-06-29 22:34:10',1),(286,'118',1,'q','2025-06-29 22:34:13',1),(287,'118',1,'q','2025-06-29 22:34:14',1),(288,'118',1,'qqq','2025-06-29 22:35:30',1),(289,'118',18,'d','2025-06-29 22:35:38',1),(290,'118',18,'ssss','2025-06-29 22:35:53',1),(291,'118',1,'dd','2025-06-29 22:36:08',1),(292,'118',18,'1111111','2025-06-29 22:38:09',1),(293,'118',1,'dddd','2025-06-29 22:38:17',1),(294,'118',1,'1111','2025-06-29 22:38:24',1),(295,'118',18,'哈哈哈哈\n','2025-06-29 22:38:35',1),(296,'118',1,'???\n','2025-06-29 22:38:38',1),(297,'118',1,'1111','2025-06-29 22:39:17',1),(298,'118',18,'22222','2025-06-29 22:39:20',1),(299,'118',1,'2222','2025-06-29 22:39:23',1),(300,'118',18,'dddd ','2025-06-29 22:39:29',1),(301,'1118',11,'ssss','2025-06-30 10:14:05',1),(302,'111',11,'dddddd','2025-06-30 10:14:26',1),(303,'1118',11,'11111111','2025-06-30 10:18:23',1),(304,'1118',11,'11111','2025-06-30 10:18:24',1),(305,'1118',11,'2222','2025-06-30 10:18:25',1),(306,'1118',11,'111','2025-06-30 10:19:44',1),(307,NULL,NULL,'？？？？',NULL,0),(308,NULL,NULL,'？？？？',NULL,0),(309,NULL,NULL,'？？？？',NULL,0),(310,'1118',11,'111','2025-06-30 11:12:04',1),(311,'1118',18,'111','2025-06-30 11:12:17',1),(312,'1118',11,'111','2025-06-30 11:12:32',1),(313,'1118',18,'111','2025-06-30 11:16:04',1),(314,'1118',11,'hahahah\n','2025-06-30 11:16:13',1),(315,'1118',11,'dddd','2025-06-30 11:16:20',1),(316,'1118',11,'aaa','2025-06-30 11:16:26',1),(317,'1118',11,'12312','2025-06-30 11:16:33',1),(318,'1118',11,'111','2025-06-30 17:41:20',1),(319,'1118',18,'哈哈哈\n','2025-06-30 17:41:30',1);
/*!40000 ALTER TABLE `sh_chat_message` ENABLE KEYS */;
UNLOCK TABLES;

--
-- Table structure for table `sh_favorite`
--

DROP TABLE IF EXISTS `sh_favorite`;
/*!40101 SET @saved_cs_client     = @@character_set_client */;
/*!50503 SET character_set_client = utf8mb4 */;
CREATE TABLE `sh_favorite` (
  `id` bigint NOT NULL AUTO_INCREMENT COMMENT '自增主键id',
  `create_time` datetime NOT NULL COMMENT '加入收藏的时间',
  `user_id` bigint NOT NULL COMMENT '用户主键id',
  `idle_id` bigint NOT NULL COMMENT '闲置物主键id',
  PRIMARY KEY (`id`) USING BTREE,
  UNIQUE KEY `user_id` (`user_id`,`idle_id`) USING BTREE
) ENGINE=InnoDB AUTO_INCREMENT=47 DEFAULT CHARSET=utf8mb3 ROW_FORMAT=COMPACT;
/*!40101 SET character_set_client = @saved_cs_client */;

--
-- Dumping data for table `sh_favorite`
--

LOCK TABLES `sh_favorite` WRITE;
/*!40000 ALTER TABLE `sh_favorite` DISABLE KEYS */;
INSERT INTO `sh_favorite` VALUES (42,'2021-09-02 07:21:59',9,80),(43,'2022-10-22 22:20:08',4,90),(44,'2023-01-08 10:23:09',3,93),(45,'2023-01-08 17:56:57',3,98),(46,'2023-01-08 17:58:11',3,97);
/*!40000 ALTER TABLE `sh_favorite` ENABLE KEYS */;
UNLOCK TABLES;

--
-- Table structure for table `sh_idle_item`
--

DROP TABLE IF EXISTS `sh_idle_item`;
/*!40101 SET @saved_cs_client     = @@character_set_client */;
/*!50503 SET character_set_client = utf8mb4 */;
CREATE TABLE `sh_idle_item` (
  `id` bigint NOT NULL AUTO_INCREMENT COMMENT '自增主键',
  `idle_name` varchar(64) NOT NULL COMMENT '闲置物名称',
  `idle_details` varchar(2048) NOT NULL COMMENT '详情',
  `picture_list` varchar(1024) NOT NULL COMMENT '图集',
  `idle_price` decimal(10,2) NOT NULL COMMENT '价格',
  `idle_place` varchar(32) NOT NULL COMMENT '发货地区',
  `idle_label` int NOT NULL COMMENT '分类标签',
  `release_time` datetime NOT NULL COMMENT '发布时间',
  `idle_status` tinyint NOT NULL COMMENT '状态（发布1、下架2、删除0）',
  `user_id` bigint NOT NULL COMMENT '用户主键id',
  PRIMARY KEY (`id`) USING BTREE,
  KEY `user_id_index` (`user_id`) USING BTREE
) ENGINE=InnoDB AUTO_INCREMENT=112 DEFAULT CHARSET=utf8mb3 ROW_FORMAT=COMPACT;
/*!40101 SET character_set_client = @saved_cs_client */;

--
-- Dumping data for table `sh_idle_item`
--

LOCK TABLES `sh_idle_item` WRITE;
/*!40000 ALTER TABLE `sh_idle_item` DISABLE KEYS */;
INSERT INTO `sh_idle_item` VALUES (1,'111','111','[\"http://localhost:8080/image?imageName=file16866307653031002壁纸.jpg\"]',20.01,'市辖区',1,'2023-06-13 04:32:47',2,1),(2,'运动鞋','跑步非常舒服 回弹性好','[\"http://localhost:8080/image?imageName=file16868385096121002运动鞋.jpg\"]',100.00,'市辖区',3,'2023-06-15 14:15:11',1,1),(3,'电风扇','贼凉快','[\"http://localhost:8080/image?imageName=file16868385807991003风扇.jpg\"]',120.00,'唐山市',2,'2023-06-15 14:16:37',2,1),(4,'加湿器','干燥空气瞬间变湿','[\"http://localhost:8080/image?imageName=file16868386408251004file16513152624181010加湿器.jpg\"]',50.00,'阳泉市',1,'2023-06-15 14:19:20',2,1),(5,'考研单词书','考研背单词必备','[\"http://localhost:8080/image?imageName=file16868387852141005file16527758200311002考研单词书.jpg\"]',10.00,'市辖区',4,'2023-06-15 14:20:34',2,1),(105,'袜子','没穿过。','[\"http://localhost:8080/image?imageName=file17023382374621002企业微信截图_20231212074317.png\"]',19.99,'秦皇岛市',5,'2023-12-11 23:44:01',1,1),(106,'111','222','[null]',50.00,'市辖区',1,'2025-02-24 14:50:47',2,11),(107,'哈哈哈','哈哈哈','[\"http://localhost:8080/image?imageName=file17506524626691004app.jpg\"]',50.00,'石家庄市',1,'2025-06-23 04:21:05',0,18),(108,'哈哈哈','哈哈哈','[\"http://localhost:8080/image?imageName=file17506524626691004app.jpg\"]',50.00,'石家庄市',1,'2025-06-23 04:21:16',0,18),(109,'qweqw','qweqw','[\"http://localhost:8080/image?imageName=file17506527049171003background.png\"]',10.00,'市辖区',2,'2025-06-23 04:25:15',0,18),(110,'qweqw','qweqw','[\"http://localhost:8080/image?imageName=file17511337355451002app.jpg\"]',30.00,'市辖区',2,'2025-06-28 18:02:16',1,18),(111,'1','111','[\"http://localhost:8080/image?imageName=file17512775775261002background.png\",\"http://localhost:8080/image?imageName=file17512775804311003flash2.png\",\"http://localhost:8080/image?imageName=file17512775842891004flash3.png\"]',20.00,'市辖区',1,'2025-06-30 09:59:50',1,18);
/*!40000 ALTER TABLE `sh_idle_item` ENABLE KEYS */;
UNLOCK TABLES;

--
-- Table structure for table `sh_message`
--

DROP TABLE IF EXISTS `sh_message`;
/*!40101 SET @saved_cs_client     = @@character_set_client */;
/*!50503 SET character_set_client = utf8mb4 */;
CREATE TABLE `sh_message` (
  `id` bigint NOT NULL AUTO_INCREMENT COMMENT '自增主键',
  `user_id` bigint NOT NULL COMMENT '用户主键id',
  `idle_id` bigint NOT NULL COMMENT '闲置主键id',
  `content` varchar(256) NOT NULL COMMENT '留言内容',
  `create_time` datetime NOT NULL COMMENT '留言时间',
  `to_user` bigint NOT NULL COMMENT '所回复的用户',
  `to_message` bigint DEFAULT NULL COMMENT '所回复的留言',
  `has_read` int DEFAULT '0',
  PRIMARY KEY (`id`) USING BTREE,
  KEY `user_id_index` (`user_id`) USING BTREE,
  KEY `idle_id_index` (`idle_id`) USING BTREE,
  KEY `to_user_index` (`to_user`) USING BTREE
) ENGINE=InnoDB AUTO_INCREMENT=69 DEFAULT CHARSET=utf8mb3 ROW_FORMAT=COMPACT;
/*!40101 SET character_set_client = @saved_cs_client */;

--
-- Dumping data for table `sh_message`
--

LOCK TABLES `sh_message` WRITE;
/*!40000 ALTER TABLE `sh_message` DISABLE KEYS */;
INSERT INTO `sh_message` VALUES (34,1,27,'测试测试','2021-09-03 01:24:00',7,NULL,0),(35,2,3,'测试测试','2021-09-10 00:55:32',1,NULL,1),(36,2,82,'俺想要','2022-08-09 20:30:12',2,NULL,0),(37,4,90,'一寸光阴一寸金，寸金难买寸光阴。','2022-10-22 22:18:53',3,NULL,0),(38,2,97,'不错不错','2023-01-08 15:50:23',2,NULL,0),(39,2,95,'我喜欢这个自行车，请问怎么进行提货啊','2023-01-08 17:53:13',2,NULL,0),(40,3,98,'你这个电风扇很不错啊，我很喜欢','2023-01-08 17:56:46',2,NULL,0),(41,3,97,'喜欢','2023-01-08 17:58:40',2,38,0),(42,2,97,'眼光不错','2023-01-08 18:00:23',3,41,0),(43,2,103,'1111','2023-09-10 03:40:15',1,NULL,1),(44,2,103,'111','2023-09-10 03:40:22',2,43,0),(45,1,102,'111111','2023-09-10 03:40:49',1,NULL,1),(46,1,102,'1111','2023-09-10 03:40:51',1,NULL,1),(47,1,102,'1111','2023-09-10 03:40:55',1,45,1),(48,11,106,'111','2025-03-12 06:57:18',11,NULL,1),(49,11,105,'222','2025-03-12 06:57:36',1,NULL,1),(50,11,105,'333','2025-03-12 06:57:43',11,49,1),(51,18,105,'111','2025-06-23 06:54:39',1,NULL,1),(52,18,105,'1111','2025-06-30 02:27:55',1,NULL,1),(53,11,110,'111111','2025-06-30 02:28:15',18,NULL,1),(54,18,105,'1111','2025-06-30 02:31:45',1,NULL,1),(55,18,105,'ssss','2025-06-30 02:40:28',18,54,1),(56,18,110,'dddddd','2025-06-30 02:40:54',18,NULL,1),(57,18,110,'1111','2025-06-30 03:02:00',18,NULL,1),(58,11,110,'哈哈哈哈','2025-06-30 03:22:27',18,NULL,1),(59,18,110,'11111','2025-06-30 08:41:49',18,NULL,1),(60,18,110,'111','2025-06-30 08:42:08',18,NULL,1),(61,18,110,'222','2025-06-30 08:57:35',18,NULL,1),(62,18,110,'222','2025-06-30 08:57:58',18,NULL,1),(63,18,105,'哈哈哈哈哈','2025-06-30 08:58:17',1,NULL,1),(64,1,105,'222','2025-06-30 09:06:03',1,NULL,1),(65,1,110,'222','2025-06-30 09:08:27',18,NULL,1),(66,1,105,'333','2025-06-30 09:10:14',1,NULL,1),(67,1,110,'2323','2025-06-30 09:10:23',18,NULL,1),(68,18,110,'dddd','2025-06-30 09:10:39',1,67,1);
/*!40000 ALTER TABLE `sh_message` ENABLE KEYS */;
UNLOCK TABLES;

--
-- Table structure for table `sh_order`
--

DROP TABLE IF EXISTS `sh_order`;
/*!40101 SET @saved_cs_client     = @@character_set_client */;
/*!50503 SET character_set_client = utf8mb4 */;
CREATE TABLE `sh_order` (
  `id` bigint NOT NULL AUTO_INCREMENT COMMENT '自增主键',
  `order_number` varchar(32) NOT NULL COMMENT '订单编号',
  `user_id` bigint NOT NULL COMMENT '用户主键id',
  `idle_id` bigint NOT NULL COMMENT '闲置物品主键id',
  `order_price` decimal(10,2) NOT NULL COMMENT '订单总价',
  `payment_status` tinyint NOT NULL COMMENT '支付状态',
  `payment_way` varchar(16) DEFAULT NULL COMMENT '支付方式',
  `create_time` datetime NOT NULL COMMENT '创建时间',
  `payment_time` datetime DEFAULT NULL COMMENT '支付时间',
  `order_status` tinyint NOT NULL COMMENT '订单状态',
  `is_deleted` tinyint DEFAULT NULL COMMENT '是否删除',
  PRIMARY KEY (`id`) USING BTREE
) ENGINE=InnoDB AUTO_INCREMENT=88 DEFAULT CHARSET=utf8mb3 ROW_FORMAT=COMPACT;
/*!40101 SET character_set_client = @saved_cs_client */;

--
-- Dumping data for table `sh_order`
--

LOCK TABLES `sh_order` WRITE;
/*!40000 ALTER TABLE `sh_order` DISABLE KEYS */;
INSERT INTO `sh_order` VALUES (65,'166644845940310002',2,89,52.00,0,NULL,'2022-10-22 22:20:59',NULL,4,NULL),(66,'166644847386610003',2,90,100.00,0,NULL,'2022-10-22 22:21:13',NULL,4,NULL),(73,'167316390306810008',2,91,20.00,0,NULL,'2023-01-08 15:45:03',NULL,4,NULL),(74,'167316390677010009',2,90,100.00,0,NULL,'2023-01-08 15:45:06',NULL,4,NULL),(75,'167316391048610010',2,87,52.00,0,NULL,'2023-01-08 15:45:10',NULL,4,NULL),(76,'167317079822610011',2,91,20.00,0,NULL,'2023-01-08 17:39:58',NULL,0,NULL),(77,'167317080313310012',2,90,100.00,0,NULL,'2023-01-08 17:40:03',NULL,0,NULL),(78,'167317080721110013',2,87,52.00,0,NULL,'2023-01-08 17:40:07',NULL,0,NULL),(79,'167317197510610014',3,98,30.00,1,'支付宝','2023-01-08 17:59:35','2023-01-08 17:59:39',2,NULL),(80,'169868139833810002',2,3,120.00,0,NULL,'2023-10-30 15:56:38',NULL,4,NULL),(81,'169868142096810003',2,5,10.00,0,NULL,'2023-10-30 15:57:01',NULL,4,NULL),(82,'169868167883610004',2,5,10.00,0,NULL,'2023-10-30 16:01:19',NULL,4,NULL),(83,'169868176136110005',2,5,10.00,1,'支付宝','2023-10-30 16:02:41','2023-10-30 16:03:06',1,NULL),(84,'170233774650610002',7,3,120.00,0,NULL,'2023-12-11 23:35:47',NULL,0,NULL),(85,'170233778849310003',4,5,10.00,1,'支付宝','2023-12-11 23:36:28','2023-12-11 23:37:07',3,NULL),(86,'174040852634410002',11,105,19.99,0,NULL,'2025-02-24 14:48:46',NULL,4,NULL),(87,'174040858398110003',11,4,50.00,1,'支付宝','2025-02-24 14:49:44','2025-02-24 14:49:47',1,NULL);
/*!40000 ALTER TABLE `sh_order` ENABLE KEYS */;
UNLOCK TABLES;

--
-- Table structure for table `sh_order_address`
--

DROP TABLE IF EXISTS `sh_order_address`;
/*!40101 SET @saved_cs_client     = @@character_set_client */;
/*!50503 SET character_set_client = utf8mb4 */;
CREATE TABLE `sh_order_address` (
  `id` bigint NOT NULL AUTO_INCREMENT COMMENT '自增id',
  `order_id` bigint NOT NULL COMMENT '订单id',
  `consignee_name` varchar(32) NOT NULL COMMENT '收货人',
  `consignee_phone` varchar(32) NOT NULL COMMENT '电话',
  `detail_address` varchar(128) NOT NULL COMMENT '收货地址',
  PRIMARY KEY (`id`) USING BTREE,
  UNIQUE KEY `orderId` (`order_id`) USING BTREE,
  KEY `order_id_index` (`order_id`) USING BTREE
) ENGINE=InnoDB AUTO_INCREMENT=24 DEFAULT CHARSET=utf8mb3 ROW_FORMAT=COMPACT;
/*!40101 SET character_set_client = @saved_cs_client */;

--
-- Dumping data for table `sh_order_address`
--

LOCK TABLES `sh_order_address` WRITE;
/*!40000 ALTER TABLE `sh_order_address` DISABLE KEYS */;
INSERT INTO `sh_order_address` VALUES (1,58,'user9','13011110009','江苏省南通市崇川区花园一单元一号楼'),(2,59,'user8','13011110008','江苏省南通市崇川区888'),(3,60,'user9','13011110009','江苏省南通市崇川区花园一单元一号楼'),(4,62,'MZ','13011110000','河南省新乡市原阳县测试测试'),(5,61,'MZ','13011110000','河南省新乡市原阳县测试测试'),(6,63,'1211111111','1212','天津市市辖区河东区212'),(7,64,'1211111111','1212','天津市市辖区河东区212'),(8,65,'1211111111','1212','天津市市辖区河东区212'),(9,66,'1211111111','1212','天津市市辖区河东区212'),(10,73,'1211111111','1212','天津市市辖区河东区212'),(11,74,'1211111111','1212','天津市市辖区河东区212'),(12,75,'1211111111','1212','天津市市辖区河东区212'),(13,76,'1211111111','1212','天津市市辖区河东区212'),(14,77,'1211111111','1212','天津市市辖区河东区212'),(15,78,'1211111111','1212','天津市市辖区河东区212'),(16,79,'下雨','1788888888','天津市市辖区河西区北京'),(17,80,'1211111111','1212','天津市市辖区河东区212'),(18,81,'1211111111','1212','天津市市辖区河东区212'),(19,82,'1211111111','1212','天津市市辖区河东区212'),(20,83,'1211111111','1212','天津市市辖区河东区212'),(21,85,'下雨','1788888888','天津市市辖区河西区北京'),(22,87,'刘雨飞','17734351169','河北省保定市博野县'),(23,86,'刘雨飞','17734351169','河北省保定市博野县');
/*!40000 ALTER TABLE `sh_order_address` ENABLE KEYS */;
UNLOCK TABLES;

--
-- Table structure for table `sh_user`
--

DROP TABLE IF EXISTS `sh_user`;
/*!40101 SET @saved_cs_client     = @@character_set_client */;
/*!50503 SET character_set_client = utf8mb4 */;
CREATE TABLE `sh_user` (
  `id` bigint NOT NULL AUTO_INCREMENT COMMENT '自增主键',
  `account_number` varchar(16) NOT NULL COMMENT '账号（手机号）',
  `user_password` varchar(16) NOT NULL COMMENT '登录密码',
  `nickname` varchar(32) NOT NULL COMMENT '昵称',
  `avatar` varchar(256) NOT NULL COMMENT '头像',
  `sign_in_time` datetime NOT NULL COMMENT '注册时间',
  `user_status` tinyint DEFAULT NULL COMMENT '状态（1代表封禁）',
  PRIMARY KEY (`id`) USING BTREE,
  UNIQUE KEY `account_number` (`account_number`) USING BTREE
) ENGINE=InnoDB AUTO_INCREMENT=19 DEFAULT CHARSET=utf8mb3 ROW_FORMAT=COMPACT;
/*!40101 SET character_set_client = @saved_cs_client */;

--
-- Dumping data for table `sh_user`
--

LOCK TABLES `sh_user` WRITE;
/*!40000 ALTER TABLE `sh_user` DISABLE KEYS */;
INSERT INTO `sh_user` VALUES (1,'13011110000','123456','MZZ','http://localhost:8080/image?imageName=file168663143432210031.jpg','2021-09-01 10:49:01',0),(2,'10086','123456','沈一一','http://localhost:8080/image?imageName=file168663143432210030.png','2021-09-01 11:47:19',0),(3,'10087','123456','夏目','http://localhost:8080/image?imageName=file16731717831451008file16512163108731007tx10.jpg','2021-09-01 11:47:30',0),(4,'10088','123456','下雨','http://localhost:8080/image?imageName=file16664482422991023伞.jpg','2021-09-01 11:53:15',0),(5,'13011110004','123456','user4','http://localhost:8080/image?imageName=file16600445641151003109951165625541004.jpg','2021-09-01 12:21:50',1),(6,'13011110005','123456','user5','http://localhost:8080/image?imageName=file16600445641151003109951165625541004.jpg','2021-09-01 12:22:33',1),(7,'13011110006','123456','user6','http://localhost:8080/image?imageName=file16600445641151003109951165625541004.jpg','2021-09-01 12:23:15',0),(8,'13011110007','123456','user7','http://localhost:8080/image?imageName=file16600445641151003109951165625541004.jpg','2021-09-01 12:25:36',1),(9,'13011110008','123456','user8','http://localhost:8080/image?imageName=file16600445641151003109951165625541004.jpg','2021-09-01 13:24:04',1),(10,'13011110009','123456','user9','http://localhost:8080/image?imageName=file16600445641151003109951165625541004.jpg','2021-09-01 13:49:01',1),(11,'123','123','123','https://cube.elemecdn.com/0/88/03b0d39583f48206768a7534e55bcpng.png','2025-02-24 14:48:36',NULL),(18,'12','12','12','http://localhost:8080/image?imageName=file17506531467021002six_app.jpg','2025-06-22 10:10:52',NULL);
/*!40000 ALTER TABLE `sh_user` ENABLE KEYS */;
UNLOCK TABLES;
/*!40103 SET TIME_ZONE=@OLD_TIME_ZONE */;

/*!40101 SET SQL_MODE=@OLD_SQL_MODE */;
/*!40014 SET FOREIGN_KEY_CHECKS=@OLD_FOREIGN_KEY_CHECKS */;
/*!40014 SET UNIQUE_CHECKS=@OLD_UNIQUE_CHECKS */;
/*!40101 SET CHARACTER_SET_CLIENT=@OLD_CHARACTER_SET_CLIENT */;
/*!40101 SET CHARACTER_SET_RESULTS=@OLD_CHARACTER_SET_RESULTS */;
/*!40101 SET COLLATION_CONNECTION=@OLD_COLLATION_CONNECTION */;
/*!40111 SET SQL_NOTES=@OLD_SQL_NOTES */;

-- Dump completed on 2025-06-30 18:08:43
